Dataset,Filename,#rows,Coder,%,Error Threshold,Window Param,Size (B),CR (%),Delta - Size (data),Delta - Size (mask),Delta - Size (total),Delta - CR (%),Other columns - Size (data),Other columns - Size (mask),Other columns - Size (total),Other columns - CR (%)
IRKIS,vwc_1202.dat.csv,26.305,CoderBasic,,,,C2 = 95.2931255642%
,vwc_1203.dat.csv,26.305,CoderBasic,,,,C2 = 92.3982091867%
,vwc_1204.dat.csv,26.305,CoderBasic,,,,C2 = 92.0497282439%
,vwc_1205.dat.csv,26.305,CoderBasic,,,,C2 = 85.4419656801%
,vwc_222.smet.csv,26.304,CoderBasic,,,,C2 = 93.6828872243%
,vwc_333.smet.csv,26.088,CoderBasic,,,,C2 = 93.3068737721%
,vwc_SLF2.smet.csv,26.305,CoderBasic,,,,C2 = 94.4492761037%
NOAA-SST,noaa-buoy-201701.csv,4.392,CoderBasic,,,,C2 = 43.767174619%
,noaa-buoy-201702.csv,3.984,CoderBasic,,,,C2 = 25.3592415189%
,noaa-buoy-201703.csv,4.362,CoderBasic,,,,C1 = 2.44180465563%
NOAA-ADCP,noaa-adcp-201501.csv,744,CoderBasic,,,,C1 = 44.6126787489%
,noaa-adcp-201502.csv,672,CoderBasic,,,,C1 = 66.7445482866%
,noaa-adcp-201503.csv,744,CoderBasic,,,,C1 = 32.3970037453%
SolarAnywhere,solar-anywhere-2011.csv,8.759,CoderBasic,,,,C1 = 87.0153525891%,C1 = 87.0153525891%,C1 = 87.0153525891%
,solar-anywhere-2012.csv,8.759,CoderBasic,,,,C1 = 99.3650793651%,C1 = 99.3650793651%,C1 = 99.3650793651%
,solar-anywhere-2013.csv,8.759,CoderBasic,,,,C1 = 48.1481481481%,C1 = 48.1481481481%,C1 = 48.1481481481%
,solar-anywhere-2014.csv,8.759,CoderBasic,,,,C1 = 39.1812865497%,C1 = 39.1812865497%,C1 = 39.1812865497%
ElNino,el-nino.csv,6.371,CoderBasic,,,,C2 = 95.1862344261%,C2 = 95.1862344261%,C2 = 89.2004664466%,C2 = 89.2004664466%,C2 = 89.8839984143%,C2 = 89.5752895753%,C2 = 89.6314947851%
NOAA-SPC-hail,noaa_spc-hail.csv,17.059,CoderBasic,,,,C1 = 99.6683250415%,C1 = 99.6683250415%,C1 = 99.6683250415%
NOAA-SPC-tornado,noaa_spc-tornado.csv,3.841,CoderBasic,,,,C1 = 98.6111111111%,C1 = 98.6111111111%
NOAA-SPC-wind,noaa_spc-wind.csv,40.260,CoderBasic,,,,C1 = 99.8593530239%,C1 = 99.8593530239%,C1 = 99.8593530239%
