Dataset,Filename,Column,Coder,0,1,3,5,10,15,20,30,,0,1,3,5,10,15,20,30
IRKIS
,vwc_1202.dat.csv
,,VWC
,,,CoderPCA,4,=,4,8,16,16,16,16,,68.29,=,59.04,36.27,19.13,14.33,12.88,11.25
,,,CoderAPCA,16,=,16,64,256,256,256,256,,42.3,=,34.51,16.38,5.04,3.17,2.74,2.06
,,,CoderCA,16,=,16,32,128,256,256,256,,70.0,=,58.59,32.43,14.25,9.14,7.22,4.8
,,,CoderPWLH,32,=,64,256,256,256,256,256,,167.76,=,133.44,56.82,14.71,9.28,7.74,6.06
,,,CoderPWLHInt,16,=,16,16,32,128,256,256,,60.3,=,60.3,60.3,46.55,20.72,12.49,3.38
,,,CoderFR,8,=,16,32,128,256,256,256,,80.7,=,68.94,35.56,13.41,8.53,6.91,4.88
,,,CoderSF,,=,,,,,,,,595.08,=,464.12,188.12,42.6,24.54,19.1,12.91
,,,CoderGAMPSLimit,32,=,64,256,256,256,256,256,,201.54,=,159.93,69.2,19.49,12.07,10.32,7.61
,vwc_1203.dat.csv
,,VWC
,,,CoderPCA,4,=,4,8,8,8,16,16,,72.4,=,46.23,33.39,24.93,20.82,18.66,15.3
,,,CoderAPCA,8,=,32,64,64,128,128,256,,47.41,=,23.78,13.9,9.12,6.26,4.9,3.49
,,,CoderCA,8,=,16,32,64,128,128,256,,70.19,=,39.34,24.19,16.6,11.13,8.69,6.72
,,,CoderPWLH,32,=,64,256,256,256,256,256,,169.75,=,73.72,32.42,20.35,13.63,10.56,8.11
,,,CoderPWLHInt,16,=,16,32,64,256,256,256,,60.66,=,60.66,49.69,24.21,7.72,5.48,3.86
,,,CoderFR,8,=,32,64,128,128,256,256,,83.3,=,44.84,22.93,15.76,11.13,8.86,6.84
,,,CoderSF,,=,,,,,,,,602.89,=,242.36,96.15,59.76,39.72,30.82,22.71
,,,CoderGAMPSLimit,32,=,64,128,256,256,256,256,,228.13,=,107.39,59.18,37.31,24.5,18.6,12.88
,vwc_1204.dat.csv
,,VWC
,,,CoderPCA,4,4,4,8,8,8,16,16,,71.01,55.57,48.43,34.07,22.19,21.13,17.31,13.98
,,,CoderAPCA,16,16,32,64,128,128,256,256,,45.57,32.7,25.54,15.06,7.05,6.32,4.53,3.23
,,,CoderCA,8,16,32,64,128,128,256,256,,70.13,51.83,40.67,25.38,12.55,11.45,8.09,6.11
,,,CoderPWLH,32,64,128,256,256,256,256,256,,168.37,111.82,83.3,41.53,15.55,13.98,10.57,7.92
,,,CoderPWLHInt,16,16,32,32,128,128,256,256,,60.46,60.46,41.24,39.65,15.79,14.76,5.73,3.96
,,,CoderFR,8,16,32,64,128,128,256,256,,82.65,62.39,48.98,28.41,12.73,11.44,8.57,6.55
,,,CoderSF,,,,,,,,,,594.22,383.37,278.99,131.43,43.66,38.55,27.38,19.09
,,,CoderGAMPSLimit,32,64,128,128,256,256,256,256,,217.51,149.93,113.69,63.1,27.08,23.85,16.62,11.43
,vwc_1205.dat.csv
,,VWC
,,,CoderPCA,4,4,4,8,8,8,8,8,,79.51,76.08,43.74,35.22,28.47,25.61,24.47,22.54
,,,CoderAPCA,8,8,32,32,64,128,128,128,,57.4,53.07,25.75,18.08,12.64,10.18,9.14,7.16
,,,CoderCA,8,8,32,32,64,128,128,128,,80.64,75.82,38.51,27.36,19.45,15.4,14.37,12.03
,,,CoderPWLH,16,32,128,128,256,256,256,256,,200.45,183.38,62.73,38.38,28.06,22.46,20.65,16.7
,,,CoderPWLHInt,16,16,16,32,128,256,256,256,,71.79,71.79,65.84,42.99,19.55,11.37,10.63,8.13
,,,CoderFR,4,8,32,64,64,128,128,128,,90.92,86.59,39.06,27.35,20.98,17.58,16.61,14.38
,,,CoderSF,,,,,,,,,,695.19,629.93,179.25,98.01,70.41,54.69,50.44,40.98
,,,CoderGAMPSLimit,16,16,64,128,128,256,256,256,,280.94,257.72,111.48,74.63,48.76,37.26,32.82,24.06
,vwc_222.smet.csv
,,VWC
,,,CoderPCA,4,=,4,8,8,16,16,16,,64.23,=,45.0,27.05,20.39,16.91,14.16,10.82
,,,CoderAPCA,16,=,32,64,256,256,256,256,,37.89,=,21.44,9.41,5.18,3.63,2.74,1.82
,,,CoderCA,16,=,32,64,128,256,256,256,,60.96,=,38.63,22.29,12.97,8.83,6.56,4.24
,,,CoderPWLH,32,=,128,256,256,256,256,256,,144.25,=,74.46,26.28,13.86,9.44,7.21,5.21
,,,CoderPWLHInt,32,=,32,32,128,256,256,256,,52.3,=,52.3,52.3,18.34,6.41,4.07,2.42
,,,CoderFR,8,=,32,64,128,256,256,256,,74.53,=,45.7,22.2,13.0,8.93,6.79,4.64
,,,CoderSF,,=,,,,,,,,508.42,=,251.73,80.88,41.91,27.01,19.34,11.68
,,,CoderGAMPSLimit,32,=,128,256,256,256,256,256,,179.17,=,95.94,39.08,20.77,14.62,11.07,7.34
,vwc_333.smet.csv
,,VWC
,,,CoderPCA,4,4,8,8,8,16,16,32,,62.33,49.39,42.04,29.18,19.6,15.18,11.98,9.87
,,,CoderAPCA,16,32,32,64,256,256,256,256,,36.04,24.94,18.77,10.68,4.85,3.27,2.33,1.65
,,,CoderCA,16,32,32,64,128,256,256,256,,57.3,41.51,31.66,19.85,11.18,7.71,5.26,3.76
,,,CoderPWLH,64,128,128,256,256,256,256,256,,134.35,85.92,61.85,32.41,12.94,8.78,6.23,4.76
,,,CoderPWLHInt,32,32,64,128,128,256,256,256,,48.76,48.76,31.74,23.21,21.38,11.22,3.57,2.24
,,,CoderFR,8,16,32,64,128,256,256,256,,71.92,51.45,38.46,23.17,11.28,7.76,5.28,3.91
,,,CoderSF,,,,,,,,,,473.19,292.65,206.98,104.56,37.52,24.21,15.52,10.16
,,,CoderGAMPSLimit,32,64,128,256,256,256,256,256,,169.04,112.76,81.66,44.25,19.38,13.08,9.29,6.63
,vwc_SLF2.smet.csv
,,VWC
,,,CoderPCA,4,=,4,8,16,16,16,32,,56.33,=,46.99,34.03,18.18,14.78,12.25,10.09
,,,CoderAPCA,32,=,32,64,256,256,256,256,,29.0,=,20.81,13.5,4.91,3.64,2.77,1.9
,,,CoderCA,32,=,32,64,128,256,256,256,,48.73,=,37.25,25.2,11.92,9.13,6.4,4.28
,,,CoderPWLH,64,=,128,256,256,256,256,256,,111.09,=,77.35,44.67,12.33,9.61,7.47,5.52
,,,CoderPWLHInt,32,=,32,32,64,128,256,256,,40.7,=,40.7,32.57,24.21,15.91,7.77,2.85
,,,CoderFR,16,=,16,64,128,256,256,256,,64.42,=,50.01,30.28,11.48,8.98,6.35,4.35
,,,CoderSF,,=,,,,,,,,391.61,=,266.74,149.27,36.89,28.02,19.97,13.0
,,,CoderGAMPSLimit,64,=,128,256,256,256,256,256,,132.32,=,93.39,57.93,19.66,14.63,11.16,7.74
NOAA-SST
,noaa-buoy-201701.csv
,,SST
,,,CoderPCA,256,4,4,8,8,16,16,16,,100.02,62.58,39.15,30.45,20.82,17.21,14.12,11.87
,,,CoderAPCA,4,16,32,64,128,256,256,256,,108.39,39.62,17.79,11.44,5.91,4.01,3.08,2.37
,,,CoderCA,4,8,32,64,128,128,256,256,,110.95,63.6,31.88,21.38,12.12,8.45,6.43,4.67
,,,CoderPWLH,4,32,128,128,256,256,256,256,,203.1,78.7,32.79,20.78,10.72,7.5,6.01,4.94
,,,CoderPWLHInt,4,32,64,128,256,256,256,256,,104.83,46.55,19.55,12.45,6.46,4.44,3.58,2.94
,,,CoderFR,4,16,32,64,128,256,256,256,,108.56,65.45,31.75,21.19,12.19,8.59,6.81,5.35
,,,CoderSF,,,,,,,,,,678.87,236.35,97.55,61.45,31.83,21.46,16.14,11.91
,,,CoderGAMPSLimit,4,32,64,128,256,256,256,256,,396.34,134.17,56.68,35.13,17.25,11.31,8.55,6.41
,noaa-buoy-201702.csv
,,SST
,,,CoderPCA,256,4,4,4,8,8,8,16,,100.03,69.14,44.95,37.34,25.14,20.3,17.94,13.83
,,,CoderAPCA,4,8,32,64,128,128,256,256,,108.9,46.52,23.12,15.3,8.14,5.56,4.26,3.01
,,,CoderCA,4,8,32,64,128,128,256,256,,111.16,70.53,39.89,27.94,15.83,11.09,8.52,6.02
,,,CoderPWLH,4,32,128,128,256,256,256,256,,203.32,93.76,43.48,27.74,14.25,9.63,7.68,5.79
,,,CoderPWLHInt,4,16,64,128,256,256,256,256,,105.03,54.87,25.36,16.29,8.41,5.73,4.57,3.5
,,,CoderFR,4,16,32,64,128,128,256,256,,108.7,73.11,39.9,27.65,15.78,11.16,8.74,6.53
,,,CoderSF,,,,,,,,,,681.33,278.71,128.34,81.99,41.67,28.14,21.53,15.27
,,,CoderGAMPSLimit,4,32,64,128,256,256,256,256,,397.73,159.35,74.23,47.28,23.83,15.58,11.68,7.95
,noaa-buoy-201703.csv
,,SST
,,,CoderPCA,256,4,4,4,8,8,8,16,,100.02,74.79,49.27,39.12,26.36,20.79,18.22,14.04
,,,CoderAPCA,4,8,16,32,128,128,256,256,,108.76,52.72,26.67,17.13,8.93,5.99,4.53,3.16
,,,CoderCA,4,8,16,32,64,128,128,256,,111.13,76.69,46.95,33.06,18.21,12.46,9.36,6.45
,,,CoderPWLH,4,32,64,128,256,256,256,256,,203.27,108.46,51.95,32.17,15.92,10.63,8.15,6.01
,,,CoderPWLHInt,4,16,64,64,128,256,256,256,,104.99,63.18,31.32,19.39,9.43,6.31,4.86,3.61
,,,CoderFR,4,8,32,32,128,128,256,256,,108.62,79.2,47.59,32.99,17.88,12.4,9.48,6.82
,,,CoderSF,,,,,,,,,,680.84,327.14,153.99,95.64,46.82,31.25,23.38,16.15
,,,CoderGAMPSLimit,4,16,64,64,128,256,256,256,,397.27,183.16,86.5,53.93,26.45,17.11,12.54,8.44
NOAA-ADCP
,noaa-adcp-201501.csv
,,Vel
,,,CoderPCA,256,256,256,256,4,4,4,4,,100.03,100.03,100.03,100.03,96.08,88.47,80.19,65.17
,,,CoderAPCA,4,4,4,4,4,4,8,8,,113.56,109.16,98.19,90.34,71.86,60.88,52.01,38.41
,,,CoderCA,4,4,4,4,4,4,4,8,,115.64,114.03,109.98,106.43,96.67,88.74,81.89,70.76
,,,CoderPWLH,4,4,4,4,8,8,16,16,,272.06,266.28,251.43,239.65,203.21,174.92,149.72,112.07
,,,CoderPWLHInt,4,4,4,4,4,8,8,16,,107.44,106.86,102.85,98.68,87.92,76.16,66.41,50.41
,,,CoderFR,4,4,4,4,4,4,4,8,,111.99,111.14,108.84,106.69,99.93,93.73,87.81,74.51
,,,CoderSF,,,,,,,,,,897.23,867.92,798.23,743.95,611.99,521.72,447.31,334.96
,,,CoderGAMPSLimit,4,4,4,4,8,8,16,16,,533.95,513.19,461.52,424.37,336.01,276.28,231.47,165.37
,noaa-adcp-201502.csv
,,Vel
,,,CoderPCA,256,256,256,256,4,4,4,4,,100.04,100.04,100.04,100.04,95.97,88.46,80.2,65.28
,,,CoderAPCA,4,4,4,4,4,4,8,8,,113.72,109.74,99.04,90.76,72.41,61.3,52.77,39.21
,,,CoderCA,4,4,4,4,4,4,4,8,,115.73,114.34,110.24,106.61,97.13,89.23,82.71,71.85
,,,CoderPWLH,4,4,4,4,8,8,16,32,,272.52,267.45,252.58,240.36,205.27,177.25,152.59,115.51
,,,CoderPWLHInt,4,4,4,4,4,8,8,16,,107.51,107.03,102.96,98.8,88.33,76.82,67.35,51.76
,,,CoderFR,4,4,4,4,4,4,4,8,,112.02,111.27,108.9,106.67,100.06,93.81,88.26,75.18
,,,CoderSF,,,,,,,,,,900.93,874.68,803.99,749.59,618.57,526.59,454.7,344.85
,,,CoderGAMPSLimit,4,4,4,4,8,8,16,16,,535.43,516.66,466.25,427.03,339.62,279.5,235.89,170.18
,noaa-adcp-201503.csv
,,Vel
,,,CoderPCA,256,256,256,256,4,4,4,4,,100.03,100.03,100.03,100.03,94.32,85.3,76.28,61.16
,,,CoderAPCA,4,4,4,4,4,4,8,8,,113.72,108.93,96.75,87.72,69.0,57.91,48.96,36.59
,,,CoderCA,4,4,4,4,4,4,4,8,,115.7,113.93,109.1,104.94,94.41,85.69,79.0,67.18
,,,CoderPWLH,4,4,4,4,8,16,16,32,,272.02,265.6,248.57,234.9,195.09,164.89,140.87,104.87
,,,CoderPWLHInt,4,4,4,4,8,8,8,16,,107.49,106.72,101.44,96.6,84.44,72.03,63.11,47.71
,,,CoderFR,4,4,4,4,4,4,8,8,,111.98,111.07,108.33,105.63,98.1,91.06,84.53,70.75
,,,CoderSF,,,,,,,,,,897.23,864.83,782.96,723.82,587.05,492.89,423.38,315.71
,,,CoderGAMPSLimit,4,4,4,4,8,8,16,32,,534.27,511.69,454.34,411.93,320.1,258.96,216.52,155.4
SolarAnywhere
,solar-anywhere-2011.csv
,,GHI
,,,CoderPCA,4,4,4,4,4,4,4,4,,78.39,76.88,75.7,74.91,72.17,69.78,67.46,62.97
,,,CoderAPCA,4,8,16,16,16,16,16,16,,82.88,76.22,71.38,67.12,58.07,52.27,46.84,37.67
,,,CoderCA,8,8,16,16,16,16,16,16,,92.73,87.9,82.11,78.66,69.99,63.94,59.85,54.05
,,,CoderPWLH,16,16,16,16,16,16,16,16,,230.32,204.89,189.44,177.08,154.47,139.15,127.91,111.71
,,,CoderPWLHInt,16,16,16,16,16,16,16,16,,81.33,78.4,75.85,73.4,67.12,62.95,59.98,55.49
,,,CoderFR,4,8,8,8,8,8,8,8,,95.31,92.68,89.77,87.42,81.76,75.42,69.96,62.02
,,,CoderSF,,,,,,,,,,644.59,541.38,485.55,446.65,386.79,358.7,337.39,301.07
,,,CoderGAMPSLimit,16,16,16,16,16,16,16,32,,396.88,370.34,346.61,325.96,282.0,253.99,227.77,182.38
,,DNI
,,,CoderPCA,4,4,4,4,4,4,4,4,,76.03,74.38,72.76,71.61,69.57,68.0,65.99,61.87
,,,CoderAPCA,4,16,16,16,16,16,16,16,,78.59,72.13,65.7,61.25,53.9,48.79,43.61,35.79
,,,CoderCA,16,16,16,16,16,16,16,16,,88.68,84.66,80.09,77.16,71.34,67.44,64.53,59.62
,,,CoderPWLH,16,16,16,16,16,32,32,32,,215.53,199.81,186.88,178.01,163.94,153.15,142.05,122.14
,,,CoderPWLHInt,16,16,16,16,16,16,16,16,,76.11,73.96,72.29,70.73,67.18,64.18,61.65,57.47
,,,CoderFR,4,8,8,8,8,8,8,8,,93.23,90.19,87.0,84.66,80.32,77.27,74.42,68.91
,,,CoderSF,,,,,,,,,,608.52,534.6,494.3,464.61,413.55,385.78,365.45,333.21
,,,CoderGAMPSLimit,16,16,16,16,16,32,32,32,,382.72,350.31,319.07,297.47,261.82,236.34,210.08,170.48
,,DHI
,,,CoderPCA,4,4,4,4,4,4,4,4,,78.39,77.81,76.45,75.78,74.18,72.72,70.76,66.41
,,,CoderAPCA,4,4,16,16,16,16,16,16,,82.25,78.18,71.51,67.65,59.92,53.41,47.97,38.91
,,,CoderCA,8,8,8,16,16,16,16,16,,92.43,89.87,85.47,82.0,75.62,71.08,67.53,61.33
,,,CoderPWLH,16,16,16,16,16,16,16,16,,229.55,215.6,197.61,188.37,170.57,156.0,144.46,124.9
,,,CoderPWLHInt,16,16,16,16,16,16,16,16,,81.06,81.06,75.65,72.8,67.88,63.75,60.69,55.08
,,,CoderFR,4,4,8,8,8,8,8,8,,95.18,93.83,90.39,88.3,83.81,79.68,75.77,68.77
,,,CoderSF,,,,,,,,,,684.45,602.83,549.12,516.82,469.86,431.14,401.28,346.1
,,,CoderGAMPSLimit,16,16,16,16,16,16,16,16,,395.01,384.08,347.23,328.52,290.97,259.33,232.89,189.16
,solar-anywhere-2012.csv
,,GHI
,,,CoderPCA,4,4,4,4,4,4,4,4,,77.53,77.21,76.79,76.26,73.71,71.76,69.48,64.55
,,,CoderAPCA,4,8,16,16,16,16,16,16,,82.79,76.17,71.7,67.57,58.78,52.65,47.33,38.06
,,,CoderCA,8,16,16,16,16,16,16,16,,92.66,87.67,82.15,78.62,70.07,63.92,59.81,54.2
,,,CoderPWLH,16,16,16,16,16,16,16,16,,230.03,204.99,190.31,177.32,154.31,139.29,128.4,111.75
,,,CoderPWLHInt,16,16,16,16,16,16,16,16,,81.22,78.31,75.81,73.36,66.88,62.77,59.91,55.38
,,,CoderFR,4,8,8,8,8,8,8,8,,94.94,93.75,91.34,89.26,84.11,77.54,71.83,63.51
,,,CoderSF,,,,,,,,,,644.12,542.3,488.13,446.27,384.64,358.56,335.78,302.02
,,,CoderGAMPSLimit,16,16,16,16,16,16,16,32,,396.26,370.16,348.23,328.15,285.45,255.72,230.06,184.77
,,DNI
,,,CoderPCA,4,4,4,4,4,4,4,4,,76.0,74.59,73.37,72.26,70.7,69.18,67.22,62.72
,,,CoderAPCA,4,16,16,16,16,16,16,16,,79.0,71.99,65.41,61.01,53.78,48.43,43.45,35.72
,,,CoderCA,16,16,16,16,16,16,16,16,,89.1,84.88,80.06,76.89,70.95,66.92,64.03,59.29
,,,CoderPWLH,16,16,16,16,32,32,32,32,,216.46,199.91,186.55,177.5,162.59,151.7,140.68,121.26
,,,CoderPWLHInt,16,16,16,16,16,16,16,16,,76.43,74.12,72.33,70.53,66.68,63.93,61.4,57.14
,,,CoderFR,4,8,8,8,8,8,8,8,,93.54,91.29,87.44,84.7,80.07,77.07,74.11,68.79
,,,CoderSF,,,,,,,,,,615.78,537.65,493.96,461.77,409.75,381.53,362.0,328.14
,,,CoderGAMPSLimit,16,16,16,16,16,32,32,32,,384.84,349.67,317.74,296.38,261.3,234.58,209.34,169.96
,,DHI
,,,CoderPCA,4,4,4,4,4,4,4,4,,77.53,77.48,76.88,76.24,75.04,73.8,71.54,67.31
,,,CoderAPCA,4,4,16,16,16,16,16,16,,82.21,78.25,71.69,67.61,60.35,53.78,47.62,38.69
,,,CoderCA,8,8,8,16,16,16,16,16,,92.36,89.77,85.51,81.64,75.09,70.42,66.54,60.57
,,,CoderPWLH,16,16,16,16,16,16,16,16,,229.25,215.2,197.1,187.14,169.78,154.93,142.0,123.68
,,,CoderPWLHInt,16,16,16,16,16,16,16,16,,80.95,80.95,75.68,72.88,67.92,63.8,60.37,55.05
,,,CoderFR,4,4,8,8,8,8,8,8,,94.83,93.97,91.27,89.23,84.84,80.82,76.65,70.2
,,,CoderSF,,,,,,,,,,682.04,602.47,548.1,514.98,465.99,426.77,392.85,342.7
,,,CoderGAMPSLimit,16,16,16,16,16,16,16,16,,394.7,384.69,348.17,328.32,293.08,261.15,231.27,188.2
,solar-anywhere-2013.csv
,,GHI
,,,CoderPCA,4,4,4,4,4,4,4,4,,77.47,76.09,75.28,74.54,72.39,70.15,68.0,64.32
,,,CoderAPCA,4,8,16,16,16,16,16,16,,82.63,76.13,71.64,67.43,59.02,52.64,47.11,37.95
,,,CoderCA,8,16,16,16,16,16,16,16,,92.49,87.78,82.03,78.7,70.66,64.83,60.68,54.63
,,,CoderPWLH,16,16,16,16,16,16,16,16,,229.29,204.83,190.17,177.9,156.47,140.99,129.74,113.12
,,,CoderPWLHInt,16,16,16,16,16,16,16,16,,80.97,78.23,75.82,73.19,67.27,63.16,60.3,55.9
,,,CoderFR,4,8,8,8,8,8,8,8,,94.26,91.21,89.25,87.21,81.97,75.89,70.57,62.91
,,,CoderSF,,,,,,,,,,647.01,546.8,493.69,451.38,392.78,363.55,340.65,305.65
,,,CoderGAMPSLimit,16,16,16,16,16,16,16,32,,396.35,369.86,347.85,327.38,286.52,255.61,228.88,184.34
,,DNI
,,,CoderPCA,4,4,4,4,4,4,4,4,,76.0,74.23,72.46,71.08,69.52,67.93,65.95,62.19
,,,CoderAPCA,4,16,16,16,16,16,16,16,,79.07,72.46,66.09,61.68,54.46,48.89,43.78,35.9
,,,CoderCA,16,16,16,16,16,16,16,16,,89.19,85.4,80.58,77.49,72.31,68.34,65.24,60.04
,,,CoderPWLH,16,16,16,16,16,32,32,32,,216.69,200.85,187.86,179.52,165.4,153.76,142.61,123.15
,,,CoderPWLHInt,16,16,16,16,16,16,16,16,,76.53,74.52,72.73,71.17,67.82,64.75,62.23,57.7
,,,CoderFR,4,8,8,8,8,8,8,8,,92.81,89.27,86.57,84.65,80.9,77.73,74.57,68.78
,,,CoderSF,,,,,,,,,,616.92,543.08,503.64,474.3,422.86,390.46,368.37,332.51
,,,CoderGAMPSLimit,16,16,16,16,16,32,32,32,,386.3,351.87,320.93,299.56,264.49,236.87,210.98,170.82
,,DHI
,,,CoderPCA,4,4,4,4,4,4,4,4,,77.47,77.34,75.75,74.92,73.76,72.39,70.67,66.74
,,,CoderAPCA,4,4,16,16,16,16,16,16,,82.18,78.47,72.18,68.26,60.51,54.22,48.4,38.98
,,,CoderCA,8,8,8,16,16,16,16,16,,92.29,90.02,85.64,81.82,74.97,70.67,66.71,60.47
,,,CoderPWLH,16,16,16,16,16,16,16,16,,228.69,215.64,197.38,187.8,169.05,154.62,142.4,123.52
,,,CoderPWLHInt,16,16,16,16,16,16,16,16,,80.76,80.76,75.82,73.08,67.57,63.39,59.82,54.47
,,,CoderFR,4,8,8,8,8,8,8,8,,94.16,92.67,89.31,87.58,83.17,79.38,75.2,67.5
,,,CoderSF,,,,,,,,,,677.09,602.04,550.09,516.32,458.55,420.19,388.77,337.79
,,,CoderGAMPSLimit,16,16,16,16,16,16,16,16,,396.32,385.53,350.44,331.43,293.76,263.24,234.96,189.49
,solar-anywhere-2014.csv
,,GHI
,,,CoderPCA,4,4,4,4,4,4,4,4,,77.42,76.03,75.0,74.28,72.34,70.19,68.27,64.33
,,,CoderAPCA,4,8,16,16,16,16,16,16,,82.45,76.08,71.04,66.85,58.37,52.2,46.94,37.53
,,,CoderCA,8,16,16,16,16,16,16,16,,92.28,87.62,81.91,78.52,69.66,63.54,59.45,53.48
,,,CoderPWLH,16,16,16,16,16,16,16,16,,228.46,204.76,189.96,177.02,153.24,138.19,127.02,109.99
,,,CoderPWLHInt,16,16,16,16,16,16,16,16,,80.69,78.33,75.8,73.28,66.78,62.6,59.47,54.84
,,,CoderFR,4,4,4,8,8,8,8,8,,94.18,91.6,89.45,87.5,80.49,73.82,69.71,63.27
,,,CoderSF,,,,,,,,,,636.97,538.92,483.82,444.74,382.05,354.07,333.64,296.17
,,,CoderGAMPSLimit,16,16,16,16,16,16,16,32,,394.07,369.44,344.85,324.52,283.31,253.47,228.11,181.66
,,DNI
,,,CoderPCA,4,4,4,4,4,4,4,4,,75.87,74.39,72.58,71.2,69.55,67.78,65.58,61.87
,,,CoderAPCA,4,16,16,16,16,16,16,16,,79.16,72.49,65.96,61.7,53.93,48.2,42.72,35.3
,,,CoderCA,8,16,16,16,16,16,16,16,,89.38,85.58,80.73,77.73,71.88,67.71,64.55,59.09
,,,CoderPWLH,16,16,16,16,16,32,32,32,,217.17,201.41,187.75,179.54,164.44,152.27,140.49,120.84
,,,CoderPWLHInt,16,16,16,16,16,16,16,16,,76.71,74.76,73.04,71.19,67.31,64.23,61.44,56.71
,,,CoderFR,4,4,8,8,8,8,8,8,,92.7,90.59,88.18,85.19,80.81,76.82,72.89,66.73
,,,CoderSF,,,,,,,,,,615.74,540.98,497.78,467.68,412.14,381.42,361.15,328.23
,,,CoderGAMPSLimit,16,16,16,16,16,32,32,32,,386.45,351.96,320.25,299.54,261.79,233.72,206.0,168.33
,,DHI
,,,CoderPCA,4,4,4,4,4,4,4,4,,77.42,77.28,75.54,74.55,73.13,71.83,70.14,66.41
,,,CoderAPCA,4,4,16,16,16,16,16,16,,81.81,77.94,71.29,67.04,59.83,53.2,47.55,38.36
,,,CoderCA,8,8,16,16,16,16,16,16,,91.99,89.6,85.17,81.38,74.64,70.21,66.01,59.82
,,,CoderPWLH,16,16,16,16,16,16,16,16,,227.55,214.57,195.91,185.94,168.28,153.47,141.09,121.86
,,,CoderPWLHInt,16,16,16,16,16,16,16,16,,80.37,80.37,75.31,72.53,67.55,63.18,59.57,53.97
,,,CoderFR,4,4,4,4,4,8,8,8,,94.02,92.66,90.15,88.06,85.22,81.3,76.49,68.61
,,,CoderSF,,,,,,,,,,672.8,596.57,542.0,508.25,457.95,421.14,388.78,336.45
,,,CoderGAMPSLimit,16,16,16,16,16,16,16,16,,392.73,381.99,346.05,325.41,290.37,258.18,230.77,186.35
ElNino
,el-nino.csv
,,Lat
,,,CoderPCA,4,=,4,4,4,4,8,8,,69.62,=,69.19,66.96,57.8,50.19,44.31,33.84
,,,CoderAPCA,16,=,16,16,16,32,32,64,,44.35,=,43.98,41.99,34.3,27.5,23.95,16.02
,,,CoderCA,8,=,8,16,16,32,32,64,,71.86,=,71.51,69.22,59.51,50.59,45.29,34.23
,,,CoderPWLH,32,=,32,32,64,128,128,256,,161.07,=,159.6,152.3,120.2,92.81,79.0,51.35
,,,CoderPWLHInt,16,=,16,16,16,16,32,32,,62.67,=,62.67,62.67,62.17,59.58,54.36,47.19
,,,CoderFR,8,=,8,8,16,16,32,64,,81.05,=,80.63,78.29,67.26,56.11,49.81,36.84
,,,CoderSF,,=,,,,,,,,566.74,=,560.87,532.46,412.12,313.99,264.66,169.44
,,,CoderGAMPSLimit,32,=,32,32,64,128,128,256,,197.57,=,195.75,186.16,146.71,114.02,97.09,62.36
,,Long
,,,CoderPCA,4,4,4,4,8,8,8,8,,75.8,74.68,60.87,56.89,45.71,37.82,31.54,22.62
,,,CoderAPCA,8,16,16,32,64,64,128,256,,48.3,47.47,36.29,32.69,24.08,18.25,13.71,6.59
,,,CoderCA,8,8,16,16,32,64,64,128,,75.46,74.41,60.6,55.64,42.62,34.61,27.88,18.21
,,,CoderPWLH,32,32,64,64,128,256,256,256,,129.49,126.79,94.36,84.1,59.79,45.05,33.32,16.16
,,,CoderPWLHInt,16,16,16,16,64,64,64,128,,68.72,68.14,67.43,62.42,49.38,44.32,39.29,31.77
,,,CoderFR,8,8,16,16,32,64,64,128,,83.9,82.71,66.89,61.08,46.1,37.12,29.48,18.66
,,,CoderSF,,,,,,,,,,451.94,441.73,320.48,283.83,198.73,147.8,108.08,49.82
,,,CoderGAMPSLimit,16,32,64,64,128,256,256,256,,163.93,160.71,119.19,106.0,75.59,56.43,41.51,19.3
,,Zonal Winds
,,,CoderPCA,256,=,256,256,256,4,4,4,,100.05,=,100.05,100.05,100.05,98.02,93.74,82.45
,,,CoderAPCA,4,=,4,4,4,4,4,8,,118.03,=,105.74,100.38,87.02,74.74,65.31,52.29
,,,CoderCA,4,=,4,4,4,4,4,4,,120.51,=,115.8,113.55,107.5,100.83,94.71,84.5
,,,CoderPWLH,4,=,4,4,4,8,8,16,,357.27,=,335.83,325.82,299.23,266.23,236.61,188.77
,,,CoderPWLHInt,4,=,4,4,4,4,8,8,,109.75,=,109.75,107.35,98.98,90.25,82.83,66.72
,,,CoderFR,4,=,4,4,4,4,4,4,,115.66,=,113.13,111.85,108.01,103.44,98.84,90.34
,,,CoderSF,,=,,,,,,,,1145.49,=,1037.31,991.01,877.45,773.18,688.63,557.27
,,,CoderGAMPSLimit,4,=,4,4,4,8,8,8,,697.56,=,623.8,591.66,511.97,437.59,374.01,283.53
,,Merid. Winds
,,,CoderPCA,256,=,256,256,256,4,4,4,,100.05,=,100.05,100.05,100.05,99.79,97.32,89.66
,,,CoderAPCA,4,=,4,4,4,4,4,4,,118.59,=,108.47,105.45,92.73,82.23,74.21,60.91
,,,CoderCA,4,=,4,4,4,4,4,4,,120.71,=,117.24,116.2,110.96,105.89,101.49,92.66
,,,CoderPWLH,4,=,4,4,4,8,8,8,,357.9,=,341.47,336.58,313.69,291.39,269.27,225.83
,,,CoderPWLHInt,4,=,4,4,4,4,4,8,,109.94,=,109.94,109.13,102.2,95.53,90.1,77.93
,,,CoderFR,4,=,4,4,4,4,4,4,,115.81,=,113.88,113.24,110.23,106.9,103.78,96.96
,,,CoderSF,,=,,,,,,,,1145.52,=,1064.16,1040.94,940.97,856.67,787.8,663.58
,,,CoderGAMPSLimit,4,=,4,4,4,4,8,8,,700.91,=,640.16,622.11,546.04,483.68,433.5,342.59
,,Humidity
,,,CoderPCA,256,256,256,256,256,4,4,4,,100.04,100.04,100.04,100.04,100.04,99.22,95.69,86.08
,,,CoderAPCA,4,4,4,4,4,4,4,4,,114.31,113.85,109.94,101.41,88.83,78.56,69.33,56.04
,,,CoderCA,4,4,4,4,4,4,4,4,,118.47,118.14,116.37,113.57,107.98,102.72,97.28,87.41
,,,CoderPWLH,4,4,4,4,4,8,8,16,,322.1,320.33,311.12,300.61,277.53,255.16,230.16,187.73
,,,CoderPWLHInt,4,4,4,4,4,4,8,8,,108.78,108.78,108.19,105.12,96.92,90.41,83.77,68.64
,,,CoderFR,4,4,4,4,4,4,4,4,,114.12,113.95,113.0,111.45,107.96,104.45,100.53,92.93
,,,CoderSF,,,,,,,,,,1045.7,1036.11,987.68,940.19,837.7,757.18,680.91,556.37
,,,CoderGAMPSLimit,4,4,4,4,4,4,8,8,,619.25,616.69,595.2,548.34,479.28,423.41,368.43,283.36
,,AirTemp
,,,CoderPCA,256,256,256,4,4,4,4,4,,100.03,100.03,100.03,97.75,88.25,79.24,72.65,63.28
,,,CoderAPCA,4,4,4,4,4,8,8,16,,110.82,107.0,92.83,83.83,68.64,58.88,51.3,40.75
,,,CoderCA,4,4,4,4,4,4,4,8,,115.07,113.07,107.16,101.86,91.56,84.37,79.25,68.98
,,,CoderPWLH,4,4,4,8,16,16,32,32,,269.17,259.91,241.41,222.88,188.43,162.04,142.9,114.73
,,,CoderPWLHInt,4,4,4,4,8,16,16,32,,106.97,106.25,99.3,92.77,79.36,69.67,61.34,50.3
,,,CoderFR,4,4,4,4,4,8,8,8,,111.61,110.52,106.82,103.1,94.96,88.48,81.66,71.72
,,,CoderSF,,,,,,,,,,874.85,822.13,742.51,675.21,559.87,477.86,416.98,331.0
,,,CoderGAMPSLimit,4,4,4,8,8,16,16,32,,516.73,498.77,432.26,390.91,309.79,256.98,220.41,167.59
,,SST
,,,CoderPCA,256,256,4,4,4,4,4,4,,100.03,100.03,94.4,86.53,69.65,57.71,48.95,38.53
,,,CoderAPCA,4,4,4,4,8,16,16,32,,111.83,94.12,74.77,62.64,43.07,32.42,24.96,16.47
,,,CoderCA,4,4,4,4,8,8,16,16,,114.48,105.81,93.8,84.73,69.33,58.07,49.34,37.19
,,,CoderPWLH,4,4,8,16,32,32,64,64,,267.88,238.65,196.48,164.93,114.55,85.25,65.04,41.5
,,,CoderPWLHInt,4,4,8,8,16,32,32,64,,106.42,103.9,88.54,74.46,52.25,39.51,30.41,19.76
,,,CoderFR,4,4,4,4,8,16,16,32,,111.33,105.97,96.96,89.56,72.5,60.51,50.88,37.35
,,,CoderSF,,,,,,,,,,845.42,704.97,565.13,473.0,332.46,252.71,196.5,127.06
,,,CoderGAMPSLimit,4,4,8,8,16,32,32,64,,521.79,438.56,344.76,279.91,183.6,132.74,99.08,61.77
NOAA-SPC-hail
,noaa_spc-hail.csv
,,Lat
,,,CoderPCA,256,256,4,4,4,4,4,4,,100.03,100.03,99.52,97.25,91.04,85.62,80.73,71.26
,,,CoderAPCA,4,4,4,4,4,8,8,8,,114.81,102.04,89.83,82.62,71.49,64.62,57.49,46.74
,,,CoderCA,4,4,4,4,4,4,4,4,,116.58,113.16,108.69,105.26,98.73,93.68,89.58,83.31
,,,CoderPWLH,4,4,4,8,8,16,16,16,,275.13,262.76,249.93,237.28,212.61,195.6,179.49,153.64
,,,CoderPWLHInt,4,4,4,4,8,8,8,16,,108.58,104.45,99.09,95.08,86.26,79.57,73.8,63.72
,,,CoderFR,4,4,4,4,4,4,4,8,,112.38,110.3,107.22,104.62,99.57,95.62,92.07,84.13
,,,CoderSF,,,,,,,,,,927.27,868.48,805.71,752.85,654.48,579.68,518.18,422.4
,,,CoderGAMPSLimit,4,4,4,8,8,16,16,32,,541.21,481.12,424.05,389.11,328.3,288.03,253.51,200.28
,,Long
,,,CoderPCA,256,256,4,4,4,4,4,4,,100.03,100.03,98.88,95.54,86.75,79.54,73.26,64.17
,,,CoderAPCA,4,4,4,4,4,8,8,16,,114.14,100.96,85.91,77.5,65.06,55.38,48.72,38.74
,,,CoderCA,4,4,4,4,4,4,4,8,,115.35,111.41,105.41,101.28,93.71,88.02,83.56,75.48
,,,CoderPWLH,4,4,8,8,8,16,16,32,,254.07,241.1,224.09,209.03,183.68,163.2,147.5,125.11
,,,CoderPWLHInt,4,4,4,8,8,8,16,16,,107.97,103.01,95.87,90.95,79.93,72.13,65.42,55.75
,,,CoderFR,4,4,4,4,4,4,8,8,,111.5,109.12,105.19,102.01,95.56,90.48,84.77,75.19
,,,CoderSF,,,,,,,,,,851.29,793.65,719.37,656.84,552.6,472.57,411.55,327.61
,,,CoderGAMPSLimit,4,4,4,8,8,16,16,32,,502.2,444.26,378.79,338.94,273.89,229.41,197.92,153.61
,,Size
,,,CoderPCA,4,4,4,4,4,4,4,4,,94.04,94.03,94.03,94.03,94.01,93.99,93.99,87.2
,,,CoderAPCA,4,4,4,4,4,4,4,8,,80.58,80.56,80.56,80.56,80.54,80.51,80.5,64.34
,,,CoderCA,4,4,4,4,4,4,4,4,,106.94,106.63,106.26,105.82,104.97,103.72,102.45,99.33
,,,CoderPWLH,8,8,8,8,8,8,8,8,,294.4,292.91,290.79,288.57,283.02,274.96,268.63,245.49
,,,CoderPWLHInt,4,4,4,4,4,4,4,8,,99.87,99.87,99.39,98.71,97.12,94.39,92.73,85.28
,,,CoderFR,4,4,4,4,4,4,4,4,,105.18,104.9,104.66,104.43,103.77,103.02,102.15,99.9
,,,CoderSF,,,,,,,,,,994.33,928.86,921.23,910.04,889.1,862.71,842.3,741.83
,,,CoderGAMPSLimit,8,8,8,8,8,8,8,16,,432.53,432.41,432.41,432.37,432.22,432.06,432.02,329.48
NOAA-SPC-tornado
,noaa_spc-tornado.csv
,,Lat
,,,CoderPCA,256,4,4,4,4,4,4,4,,100.03,99.74,93.88,89.2,79.91,73.97,69.52,61.63
,,,CoderAPCA,4,4,4,4,8,8,16,16,,111.96,85.41,70.62,65.16,54.16,46.77,41.94,33.47
,,,CoderCA,4,4,4,4,4,8,8,8,,116.33,104.03,94.1,88.88,81.44,75.86,70.79,63.89
,,,CoderPWLH,4,8,8,16,16,16,32,32,,274.35,236.1,205.62,188.34,160.07,141.58,129.6,108.51
,,,CoderPWLHInt,4,4,8,8,16,16,16,16,,108.19,95.48,84.03,76.62,66.39,58.47,53.71,45.59
,,,CoderFR,4,4,4,4,8,8,8,16,,112.13,103.78,96.92,93.18,86.11,78.49,73.48,65.54
,,,CoderSF,,,,,,,,,,916.54,746.96,634.74,569.82,477.48,406.12,361.35,288.59
,,,CoderGAMPSLimit,4,4,8,8,16,16,32,32,,527.74,403.33,328.19,295.2,239.87,202.99,178.28,140.27
,,Long
,,,CoderPCA,256,4,4,4,4,4,4,4,,100.03,98.8,89.12,83.12,73.36,67.59,61.97,54.94
,,,CoderAPCA,4,4,4,8,8,16,16,16,,110.96,82.05,65.04,57.62,45.51,39.85,34.81,28.38
,,,CoderCA,4,4,4,4,8,8,16,16,,115.07,98.8,86.92,81.87,71.42,64.63,60.06,53.08
,,,CoderPWLH,4,8,16,16,16,32,32,32,,253.28,203.73,170.05,153.83,124.73,109.13,97.8,83.06
,,,CoderPWLHInt,4,4,8,8,16,16,32,32,,107.59,90.4,74.76,68.44,55.15,48.62,44.33,37.53
,,,CoderFR,4,4,4,8,8,16,16,16,,111.32,100.51,91.42,86.01,74.77,67.72,61.77,54.86
,,,CoderSF,,,,,,,,,,838.82,638.51,514.09,449.82,351.47,297.52,261.64,207.69
,,,CoderGAMPSLimit,4,4,8,16,16,32,32,32,,487.95,361.16,276.0,241.75,185.82,159.28,138.16,110.4
NOAA-SPC-wind
,noaa_spc-wind.csv
,,Lat
,,,CoderPCA,256,256,4,4,4,4,4,4,,100.03,100.03,99.29,96.6,89.73,83.81,79.48,71.39
,,,CoderAPCA,4,4,4,4,4,8,8,8,,113.34,101.6,88.74,81.29,69.82,62.44,56.18,47.15
,,,CoderCA,4,4,4,4,4,4,4,4,,115.34,112.85,109.01,105.8,99.82,95.56,92.13,86.75
,,,CoderPWLH,4,4,4,8,8,8,16,16,,254.46,245.42,233.97,225.06,206.15,192.49,181.21,163.09
,,,CoderPWLHInt,4,4,4,4,8,8,8,8,,108.36,105.21,100.11,96.62,90.07,84.05,79.46,72.51
,,,CoderFR,4,4,4,4,4,4,8,8,,111.18,109.47,106.26,103.49,98.32,94.06,90.66,82.93
,,,CoderSF,,,,,,,,,,853.68,808.43,742.74,693.92,600.83,533.29,480.33,399.07
,,,CoderGAMPSLimit,4,4,4,8,8,16,16,32,,498.69,447.04,390.83,356.59,297.95,260.55,232.2,190.03
,,Long
,,,CoderPCA,256,256,4,4,4,4,4,4,,100.03,100.03,96.06,91.44,83.21,77.37,72.14,64.03
,,,CoderAPCA,4,4,4,4,8,8,8,16,,112.6,95.41,80.29,73.21,62.05,54.33,48.52,39.73
,,,CoderCA,4,4,4,4,4,4,4,8,,114.26,109.83,103.7,100.06,93.81,89.75,86.63,81.53
,,,CoderPWLH,4,4,8,8,16,16,16,16,,236.32,222.49,207.18,196.57,178.78,165.69,155.2,139.74
,,,CoderPWLHInt,4,4,4,8,8,8,8,16,,107.78,101.94,95.66,91.69,83.36,77.98,73.6,66.29
,,,CoderFR,4,4,4,4,4,8,8,8,,110.37,107.03,101.83,98.34,92.69,87.4,82.56,75.16
,,,CoderSF,,,,,,,,,,794.95,718.78,633.87,580.84,496.62,436.25,386.49,316.21
,,,CoderGAMPSLimit,4,4,8,8,16,16,32,32,,464.45,393.75,330.74,296.43,243.96,210.76,185.07,148.75
,,Speed
,,,CoderPCA,256,4,4,4,4,8,8,8,,100.03,67.73,55.22,44.21,37.59,35.05,32.79,30.46
,,,CoderAPCA,4,8,16,16,32,64,64,64,,98.09,43.81,28.02,23.98,15.71,12.29,10.33,8.21
,,,CoderCA,8,8,8,16,16,16,16,16,,74.14,70.56,57.14,45.53,45.47,45.43,45.34,45.21
,,,CoderPWLH,16,16,32,32,32,32,32,32,,165.93,146.43,94.21,94.02,93.74,93.52,93.4,93.18
,,,CoderPWLHInt,8,8,32,32,32,32,32,32,,68.31,61.71,41.22,41.13,41.0,40.92,40.88,40.82
,,,CoderFR,16,16,64,128,128,128,128,128,,65.48,58.96,25.89,16.79,16.51,16.32,16.12,15.77
,,,CoderSF,,,,,,,,,,620.36,260.06,44.84,40.68,38.7,37.96,37.53,36.94
,,,CoderGAMPSLimit,4,16,32,32,64,128,128,128,,462.41,193.69,117.27,99.53,62.87,47.86,40.19,31.47
