Dataset,Filename,Column,Coder,0,1,3,5,10,15,20,30,,0,1,3,5,10,15,20,30,,0,1,3,5,10,15,20,30,WORST,,0,1,3,5,10,15,20,30
IRKIS
,Global
,,VWC
,,,CoderBase,,,,,,,,,,1.0,1.0,1.0,1.0,1.0,1.0,1.0,1.0,,79.68,81.65,87.63,93.23,96.93,97.78,98.29,98.79,98.79,,18391700,18391700,18391700,18391700,18391700,18391700,18391700,18391700
,,,CoderPCA,4,4,4,8,8,16,16,16,,0.34,0.32,0.25,0.17,0.11,0.09,0.07,0.06,,40.52,42.28,50.62,59.86,71.73,75.33,77.21,80.28,80.28,,6281279,5847449,4606799,3102034,1998694,1653631,1377781,1130281
,,,CoderAPCA,16,16,32,64,128,256,256,256,,0.2,0.18,0.12,0.07,0.03,0.02,0.02,0.01,,0.00,0.00,0.00,0.00,0.00,0.00,0.00,0.00,0.00,,3736382,3375350,2274681,1245168,564961,407946,313986,222924
,,,CoderCA,16,16,32,64,128,256,256,256,,0.32,0.3,0.21,0.13,0.07,0.05,0.04,0.03,,37.29,38.02,41.70,47.88,55.44,55.39,53.54,53.02,55.44,,5958420,5446258,3901701,2389104,1267826,914520,675750,474492
,,,CoderPWLH,32,64,128,256,256,256,256,256,,0.77,0.68,0.43,0.2,0.08,0.06,0.04,0.03,,73.46,72.93,71.23,66.76,60.28,60.20,60.65,63.08,72.93,,14077670,12468078,7906589,3746216,1422408,1024952,797968,603864
,,,CoderPWLHInt,32,32,32,32,64,256,256,256,,0.28,0.28,0.25,0.22,0.13,0.07,0.03,0.02,,26.94,34.00,49.94,68.95,76.68,67.29,50.37,25.64,76.68,,5114166,5114166,4544241,4010766,2422850,1247012,632676,299776
,,,CoderFR,8,16,32,64,128,256,256,256,,0.4,0.37,0.26,0.14,0.07,0.05,0.04,0.03,,48.75,49.85,52.21,52.70,54.82,55.35,54.48,55.71,55.71,,7290060,6730854,4759281,2632290,1250487,913694,689792,503312
,,,CoderSF,,,,,,,,,,2.69,2.36,1.45,0.65,0.22,0.15,0.11,0.08,,92.46,92.23,91.49,89.63,86.33,85.69,84.88,84.09,92.23,,49549751,43467788,26735198,12008429,4133882,2850461,2076977,1401017
,,,CoderGAMPSLimit,32,64,128,256,256,256,256,256,,0.96,0.86,0.55,0.28,0.12,0.09,0.07,0.05,,78.78,78.55,77.67,76.23,74.59,74.31,74.12,73.74,78.55,,17609734,15734326,10185785,5239480,2223328,1588216,1213240,848992
NOAA-SST
,Global
,,SST
,,,CoderBase,,,,,,,,,,1.0,1.0,1.0,1.0,1.0,1.0,1.0,1.0,,39.16,71.88,86.36,91.12,95.37,96.85,97.61,98.28,98.28,,11209440,11209440,11209440,11209440,11209440,11209440,11209440,11209440
,,,CoderPCA,256,4,4,4,8,8,16,16,,0.61,0.42,0.27,0.22,0.15,0.12,0.1,0.08,,0.00,32.71,49.42,60.11,68.29,73.53,76.95,78.54,78.54,,6819419,4684623,3023775,2495151,1638219,1335371,1164661,900661
,,,CoderAPCA,4,8,32,64,128,256,256,256,,0.66,0.28,0.14,0.09,0.05,0.03,0.02,0.02,,7.96,0.00,0.00,0.00,0.00,0.00,0.00,0.00,0.00,,7408940,3152121,1529501,995360,519491,353456,268400,193280
,,,CoderCA,4,8,32,64,128,128,256,256,,0.68,0.43,0.24,0.17,0.09,0.06,0.05,0.03,,9.95,34.08,43.19,46.87,50.50,51.18,51.51,50.19,51.51,,7572974,4782017,2692292,1873490,1049572,724007,553544,388016
,,,CoderPWLH,4,32,128,128,256,256,256,256,,1.24,0.57,0.26,0.16,0.08,0.06,0.04,0.03,,50.78,50.47,47.38,45.46,43.84,43.74,45.71,49.06,50.47,,13855300,6364556,2906830,1824893,924952,628216,494400,379408
,,,CoderPWLHInt,4,16,64,128,256,256,256,256,,0.64,0.33,0.15,0.1,0.05,0.03,0.03,0.02,,4.69,15.74,11.32,8.69,5.74,5.23,8.88,15.12,15.74,,7154868,3740912,1724790,1090143,551104,372960,294568,227704
,,,CoderFR,4,16,32,64,128,256,256,256,,0.66,0.44,0.24,0.17,0.09,0.07,0.05,0.04,,7.92,36.48,43.33,46.28,49.93,51.57,52.63,54.36,54.36,,7405872,4962240,2699093,1853012,1037476,729872,566552,423488
,,,CoderSF,,,,,,,,,,4.14,1.7,0.77,0.48,0.24,0.16,0.12,0.09,,85.30,83.48,82.20,81.59,80.92,80.68,80.57,80.29,83.48,,46381419,19083600,8593707,5407278,2722143,1829205,1381059,980772
,,,CoderGAMPSLimit,4,16,64,128,256,256,256,256,,2.42,0.97,0.44,0.28,0.14,0.09,0.07,0.05,,74.81,70.86,68.90,67.73,65.98,64.47,63.78,62.58,70.86,,27072554,10817574,4918736,3084405,1527134,994766,740966,516470
NOAA-ADCP
,Global
,,Vel
,,,CoderBase,,,,,,,,,,1.0,1.0,1.0,1.0,1.0,1.0,1.0,1.0,,31.78,31.78,33.20,38.93,51.56,59.10,65.10,74.07,74.07,,14696640,14696640,14696640,14696640,14696640,14696640,14696640,14696640
,,,CoderPCA,256,256,256,256,4,4,4,4,,0.68,0.68,0.68,0.68,0.65,0.6,0.54,0.44,,0.00,0.00,2.08,10.48,25.57,31.35,35.08,40.41,40.41,,10026184,10026184,10026184,10026184,9565198,8756170,7901134,6395506
,,,CoderAPCA,4,4,4,4,4,4,8,8,,0.78,0.75,0.67,0.61,0.48,0.41,0.35,0.26,,11.99,8.44,0.00,0.00,0.00,0.00,0.00,0.00,8.44,,11392240,10950848,9817226,8975798,7119580,6011200,5129695,3811105
,,,CoderCA,4,4,4,4,4,4,4,8,,0.79,0.78,0.75,0.72,0.65,0.6,0.55,0.48,,13.53,12.32,10.75,15.49,26.02,31.71,36.92,45.56,45.56,,11594946,11435080,10999988,10620602,9624292,8802884,8132312,7000495
,,,CoderPWLH,4,4,4,4,8,16,16,32,,1.86,1.82,1.71,1.62,1.37,1.18,1.01,0.75,,63.25,62.45,60.94,62.41,64.66,65.21,65.31,65.64,65.64,,27280444,26700660,25135804,23875500,20147342,17278268,14785908,11090675
,,,CoderPWLHInt,4,4,4,4,8,8,8,16,,0.73,0.73,0.7,0.67,0.59,0.51,0.45,0.34,,6.92,6.39,4.34,8.61,18.28,19.95,21.92,23.78,23.78,,10771944,10710416,10262786,9821472,8712226,7509676,6569740,4999820
,,,CoderFR,4,4,4,4,4,4,4,8,,0.76,0.76,0.74,0.73,0.68,0.63,0.59,0.5,,10.68,10.00,9.88,15.76,28.49,35.39,41.20,48.20,48.20,,11225038,11140688,10892902,10655238,9955938,9303538,8724526,7357792
,,,CoderSF,,,,,,,,,,6.13,5.93,5.42,5.04,4.13,3.5,3.01,2.26,,88.86,88.49,87.67,87.88,88.27,88.31,88.40,88.52,88.52,,90039625,87088879,79649062,74035627,60671485,51435601,44226049,33205450
,,,CoderGAMPSLimit,4,4,4,4,8,8,16,16,,3.65,3.5,3.14,2.87,2.26,1.85,1.55,1.11,,81.28,80.53,78.73,78.72,78.58,77.89,77.52,76.73,80.53,,53572420,51489724,46151710,42181810,33233844,27186290,22814686,16379982
SolarAnywhere
,Global
,,GHI
,,,CoderBase,,,,,,,,,,1.0,1.0,1.0,1.0,1.0,1.0,1.0,1.0,,22.35,23.90,28.61,32.80,41.48,47.59,52.97,62.22,62.22,,4204320,4204320,4204320,4204320,4204320,4204320,4204320,4204320
,,,CoderPCA,4,4,4,4,4,4,4,4,,0.78,0.77,0.76,0.75,0.73,0.7,0.68,0.64,,0.00,0.53,5.62,10.34,19.40,25.58,31.11,40.97,40.97,,3264814,3216634,3180544,3151114,3052564,2960854,2869954,2690884
,,,CoderAPCA,4,8,16,16,16,16,16,16,,0.83,0.76,0.71,0.67,0.59,0.52,0.47,0.38,,6.03,0.00,0.00,0.00,0.00,0.00,0.00,0.00,0.00,,3474340,3199569,3001658,2825342,2460362,2203378,1977236,1588400
,,,CoderCA,8,16,16,16,16,16,16,16,,0.92,0.88,0.82,0.79,0.7,0.64,0.6,0.54,,16.03,13.23,12.93,14.48,16.46,18.14,21.50,30.11,30.11,,3888192,3687280,3447404,3303624,2945084,2691516,2518826,2272748
,,,CoderPWLH,16,16,16,16,16,16,16,16,,2.29,2.05,1.9,1.77,1.55,1.39,1.28,1.12,,66.15,62.83,62.39,62.08,62.13,62.38,63.31,66.14,66.14,,9643956,8607952,7981944,7450800,6496756,5857356,5389444,4690916
,,,CoderPWLHInt,16,16,16,16,16,16,16,16,,0.81,0.78,0.76,0.73,0.67,0.63,0.6,0.55,,4.13,2.77,5.78,8.27,12.62,16.59,21.46,31.77,31.77,,3405570,3290656,3185704,3080032,2815720,2641552,2517400,2327944
,,,CoderFR,4,4,8,8,8,8,8,8,,0.95,0.93,0.9,0.88,0.82,0.76,0.7,0.63,,17.93,17.87,20.70,23.45,28.66,30.70,33.27,39.92,39.92,,3977844,3895728,3785038,3691061,3448767,3179342,2962931,2643989
,,,CoderSF,,,,,,,,,,6.43,5.42,4.87,4.47,3.86,3.58,3.37,3.01,,87.92,85.96,85.35,84.97,84.85,85.38,86.03,87.45,87.45,,27024100,22787869,20495668,18792352,16242280,15072250,14154028,12656725
,,,CoderGAMPSLimit,16,16,16,16,16,16,16,32,,3.96,3.7,3.47,3.26,2.84,2.55,2.29,1.83,,80.37,79.42,79.41,79.41,79.40,79.41,79.42,79.37,79.42,,16634116,15544076,14575076,13718684,11946264,10701592,9609376,7701232
,,DNI
,,,CoderBase,,,,,,,,,,1.0,1.0,1.0,1.0,1.0,1.0,1.0,1.0,,24.07,27.78,34.25,38.63,46.02,51.45,56.64,64.34,64.34,,4204320,4204320,4204320,4204320,4204320,4204320,4204320,4204320
,,,CoderPCA,4,4,4,4,4,4,4,4,,0.76,0.74,0.73,0.71,0.7,0.68,0.66,0.62,,0.00,2.86,9.62,14.16,22.65,28.79,34.44,42.61,42.61,,3192197,3126017,3058637,3005777,2934287,2866547,2780837,2611937
,,,CoderAPCA,4,16,16,16,16,16,16,16,,0.79,0.72,0.66,0.61,0.54,0.49,0.43,0.36,,3.78,0.00,0.00,0.00,0.00,0.00,0.00,0.00,0.00,,3317453,3036503,2764301,2580271,2269527,2041145,1823151,1499051
,,,CoderCA,16,16,16,16,16,16,16,16,,0.89,0.85,0.8,0.77,0.72,0.68,0.65,0.59,,14.73,15.11,18.14,20.57,24.58,28.14,32.82,40.05,40.05,,3743741,3576889,3376689,3248617,3009189,2840489,2713789,2500401
,,,CoderPWLH,16,16,16,16,16,32,32,32,,2.16,2.0,1.87,1.79,1.64,1.53,1.41,1.22,,64.90,63.96,64.87,65.62,67.08,68.19,69.33,70.72,70.72,,9095069,8424229,7868197,7506025,6894741,6416862,5943623,5119763
,,,CoderPWLHInt,16,16,16,16,16,16,16,16,,0.76,0.74,0.73,0.71,0.67,0.64,0.62,0.57,,0.61,2.79,9.37,13.39,19.68,24.42,29.65,37.69,37.69,,3211939,3123509,3050237,2979067,2825539,2700475,2591659,2405635
,,,CoderFR,4,8,8,8,8,8,8,8,,0.93,0.91,0.87,0.85,0.8,0.77,0.74,0.68,,18.37,20.20,24.64,27.58,32.92,37.09,41.36,47.77,47.77,,3910537,3805357,3667960,3563076,3383351,3244641,3109077,2869825
,,,CoderSF,,,,,,,,,,6.14,5.39,4.97,4.67,4.14,3.85,3.64,3.3,,87.63,86.59,86.77,86.85,86.97,87.38,88.09,89.21,89.21,,25808417,22650368,20899967,19625576,17419160,16167989,15304334,13887656
,,,CoderGAMPSLimit,16,16,16,16,16,32,32,32,,3.85,3.51,3.19,2.98,2.62,2.35,2.09,1.7,,80.27,79.41,79.41,79.41,79.41,79.36,79.25,79.00,79.41,,16179753,14745973,13424189,12531009,11023177,9889787,8785856,7138481
,,DHI
,,,CoderBase,,,,,,,,,,1.0,1.0,1.0,1.0,1.0,1.0,1.0,1.0,,22.34,22.57,28.38,32.40,39.88,46.38,52.14,61.29,61.29,,4204320,4204320,4204320,4204320,4204320,4204320,4204320,4204320
,,,CoderPCA,4,4,4,4,4,4,4,4,,0.78,0.77,0.76,0.75,0.74,0.73,0.71,0.67,,0.00,0.00,5.90,10.26,18.74,26.18,32.34,41.94,41.94,,3264917,3255527,3199937,3167147,3110507,3054077,2973947,2803367
,,,CoderAPCA,4,4,16,16,16,16,16,16,,0.82,0.78,0.72,0.68,0.6,0.54,0.48,0.39,,5.37,0.94,0.00,0.00,0.00,0.00,0.00,0.00,0.94,,3450359,3286271,3011299,2842151,2527473,2254375,2012077,1627637
,,,CoderCA,8,8,8,16,16,16,16,16,,0.92,0.9,0.85,0.82,0.75,0.71,0.67,0.61,,15.79,13.73,16.14,17.22,19.88,24.00,28.21,36.02,36.02,,3876941,3773851,3590811,3433371,3154799,2966331,2802587,2544175
,,,CoderPWLH,16,16,16,16,16,16,16,16,,2.29,2.15,1.97,1.87,1.69,1.55,1.42,1.23,,66.03,64.01,63.62,63.89,64.50,65.33,66.39,68.63,68.63,,9612135,9044651,8277567,7870655,7118815,6502631,5987159,5188807
,,,CoderPWLHInt,16,16,16,16,16,16,16,16,,0.81,0.81,0.76,0.73,0.68,0.63,0.6,0.55,,3.82,4.10,5.22,7.11,11.19,15.55,20.34,29.11,29.11,,3394561,3394561,3177107,3059843,2845955,2669411,2525747,2295995
,,,CoderFR,4,4,8,8,8,8,8,8,,0.94,0.93,0.91,0.89,0.84,0.8,0.76,0.69,,17.82,17.01,21.03,23.66,28.62,33.18,37.01,43.67,43.67,,3972703,3922771,3813034,3723230,3540905,3373764,3194468,2889592
,,,CoderSF,,,,,,,,,,6.79,6.01,5.47,5.14,4.63,4.25,3.93,3.41,,88.56,87.11,86.91,86.84,87.01,87.37,87.81,88.63,88.63,,28534724,25252190,22997915,21601361,19458284,17849912,16509989,14318279
,,,CoderGAMPSLimit,16,16,16,16,16,16,16,16,,3.94,3.84,3.48,3.28,2.92,2.6,2.32,1.88,,80.31,79.83,79.40,79.40,79.40,79.40,79.40,79.43,79.83,,16584231,16138219,14621275,13799699,12271263,10944787,9768115,7912123
ElNino
,el-nino.csv
,,Lat
,,,CoderBase,,256,,,,,,,,1.0,1.0,1.0,1.0,1.0,1.0,1.0,1.0,,84.04,84.04,84.18,84.89,87.66,90.11,91.39,94.24,94.24,,5466318,5466318,5466318,5466318,5466318,5466318,5466318,5466318
,,,CoderPCA,4,4,4,4,4,4,8,8,,0.25,0.25,0.25,0.24,0.21,0.18,0.16,0.12,,36.30,36.30,36.44,37.28,40.65,45.20,45.95,52.65,52.65,,1369084,1369084,1360537,1316614,1136533,986944,871257,665359
,,,CoderAPCA,16,16,16,16,16,32,32,64,,0.16,0.16,0.16,0.15,0.12,0.1,0.09,0.06,,0.00,0.00,0.00,0.00,0.00,0.00,0.00,0.00,0.00,,872153,872153,864758,825743,674513,540820,470884,315072
,,,CoderCA,8,8,8,16,16,32,32,64,,0.26,0.26,0.26,0.25,0.21,0.18,0.16,0.12,,38.28,38.28,38.50,39.34,42.36,45.64,47.12,53.19,53.19,,1412996,1412996,1406066,1361183,1170173,994868,890484,673075
,,,CoderPWLH,32,32,32,32,64,128,128,256,,0.58,0.58,0.57,0.55,0.43,0.33,0.28,0.18,,72.46,72.46,72.45,72.43,71.46,70.37,69.69,68.80,72.46,,3167233,3167233,3138423,2994834,2363642,1825001,1553419,1009724
,,,CoderPWLHInt,16,16,16,16,16,16,32,32,,0.23,0.23,0.23,0.23,0.22,0.21,0.2,0.17,,29.23,29.23,29.83,33.00,44.82,53.84,55.95,66.05,66.05,,1232374,1232374,1232374,1232374,1222453,1171545,1069021,928027
,,,CoderFR,8,8,8,8,16,16,32,64,,0.29,0.29,0.29,0.28,0.24,0.2,0.18,0.13,,45.27,45.27,45.46,46.36,49.00,50.99,51.93,56.51,56.51,,1593693,1593693,1585503,1539415,1322526,1103391,979514,724421
,,,CoderSF,,4,,,,,,,,2.04,2.04,2.02,1.92,1.48,1.13,0.95,0.61,,92.17,92.17,92.16,92.11,91.68,91.24,90.95,90.54,92.17,,11144381,11144381,11028926,10470227,8103851,6174269,5204189,3331883
,,,CoderGAMPSLimit,32,32,32,32,64,128,128,256,,0.71,0.71,0.7,0.67,0.53,0.41,0.35,0.22,,77.55,77.55,77.53,77.44,76.62,75.88,75.34,74.30,77.55,,3885026,3885026,3849284,3660569,2884844,2242069,1909221,1226150
,,Long
,,,CoderBase,,,,,,,,,,1.0,1.0,1.0,1.0,1.0,1.0,1.0,1.0,,82.64,82.95,86.96,88.25,91.35,93.44,95.07,97.63,97.63,,7951008,7951008,7951008,7951008,7951008,7951008,7951008,7951008
,,,CoderPCA,4,4,4,4,8,8,8,8,,0.27,0.27,0.22,0.2,0.16,0.14,0.11,0.08,,36.28,36.44,40.39,42.54,47.32,51.76,56.53,70.89,70.89,,2165462,2133446,1738982,1625366,1305769,1080537,901113,646313
,,,CoderAPCA,8,16,16,32,64,64,128,256,,0.17,0.17,0.13,0.12,0.09,0.07,0.05,0.02,,0.00,0.00,0.00,0.00,0.00,0.00,0.00,0.00,0.00,,1379923,1356032,1036672,933924,687834,521272,391718,188148
,,,CoderCA,8,8,16,16,32,64,64,128,,0.27,0.27,0.22,0.2,0.15,0.12,0.1,0.07,,35.99,36.21,40.12,41.25,43.50,47.28,50.83,63.83,63.83,,2155655,2125787,1731272,1589572,1217466,988706,796580,520150
,,,CoderPWLH,32,32,64,64,128,256,256,256,,0.47,0.46,0.34,0.3,0.21,0.16,0.12,0.06,,62.70,62.56,61.54,61.13,59.73,59.50,58.85,59.24,62.56,,3699297,3622113,2695716,2402728,1708096,1287012,951876,461548
,,,CoderPWLHInt,16,16,16,16,64,64,64,128,,0.25,0.24,0.24,0.22,0.18,0.16,0.14,0.11,,29.72,30.34,46.18,47.63,51.24,58.83,65.11,79.27,79.27,,1963352,1946520,1926320,1783324,1410606,1266076,1122572,907532
,,,CoderFR,8,8,16,16,32,64,64,128,,0.3,0.3,0.24,0.22,0.17,0.13,0.11,0.07,,42.43,42.61,45.75,46.48,47.77,50.84,53.49,64.72,64.72,,2396899,2362813,1910880,1745040,1316905,1060418,842266,533230
,,,CoderSF,,,,,,,,,,1.62,1.59,1.15,1.02,0.71,0.53,0.39,0.18,,89.31,89.25,88.68,88.48,87.89,87.66,87.31,86.78,89.25,,12911358,12619560,9155781,8108559,5677554,4222563,3087621,1423392
,,,CoderGAMPSLimit,16,32,64,64,128,256,256,256,,0.59,0.58,0.43,0.38,0.27,0.2,0.15,0.07,,70.53,70.46,69.55,69.16,68.15,67.67,66.97,65.87,70.46,,4683254,4591167,3405008,3028128,2159560,1612206,1185822,551286
,,Z. Wind
,,,CoderBase,,256,,,,,,,,1.0,1.0,1.0,1.0,1.0,1.0,1.0,1.0,,68.54,68.54,68.54,68.54,72.64,76.50,79.46,83.56,83.56,,4472442,4472442,4472442,4472442,4472442,4472442,4472442,4472442
,,,CoderPCA,256,256,256,256,256,4,4,4,,0.31,0.31,0.31,0.31,0.31,0.31,0.29,0.26,,0.00,0.00,0.00,0.00,13.02,23.75,30.33,36.58,36.58,,1406923,1406923,1406923,1406923,1406923,1378501,1318291,1159450
,,,CoderAPCA,4,4,4,4,4,4,4,8,,0.37,0.37,0.33,0.32,0.27,0.24,0.21,0.16,,15.24,15.24,5.38,0.33,0.00,0.00,0.00,0.00,15.24,,1659893,1659893,1486973,1411612,1223776,1051120,918449,735346
,,,CoderCA,4,4,4,4,4,4,4,4,,0.38,0.38,0.36,0.36,0.34,0.32,0.3,0.27,,16.98,16.98,13.60,11.90,19.05,25.87,31.04,38.12,38.12,,1694730,1694730,1628466,1596885,1511789,1418003,1331884,1188334
,,,CoderPWLH,4,4,4,4,4,8,8,16,,1.12,1.12,1.06,1.02,0.94,0.84,0.74,0.59,,72.00,72.00,70.21,69.29,70.92,71.93,72.40,72.30,72.40,,5024200,5024200,4722672,4581898,4208000,3744023,3327347,2654638
,,,CoderPWLHInt,4,4,4,4,4,4,8,8,,0.35,0.35,0.35,0.34,0.31,0.28,0.26,0.21,,8.85,8.85,8.85,6.81,12.08,17.18,21.15,21.62,21.62,,1543449,1543449,1543449,1509689,1391941,1269228,1164811,938227
,,,CoderFR,4,4,4,4,4,4,4,4,,0.36,0.36,0.36,0.35,0.34,0.33,0.31,0.28,,13.50,13.50,11.56,10.55,19.43,27.74,33.93,42.12,42.12,,1626501,1626501,1590894,1572920,1518866,1454692,1390012,1270442
,,,CoderSF,,4,,,,,,,,3.6,3.6,3.26,3.12,2.76,2.43,2.17,1.75,,91.27,91.27,90.36,89.90,90.08,90.33,90.52,90.62,91.27,,16108897,16108897,14587600,13936408,12339517,10873174,9684181,7836772
,,,CoderGAMPSLimit,4,4,4,4,4,8,8,8,,2.19,2.19,1.96,1.86,1.61,1.38,1.18,0.89,,85.66,85.66,83.96,83.09,83.00,82.92,82.54,81.56,85.66,,9809734,9809734,8772412,8320444,7199764,6153710,5259662,3987198
,,M. Wind
,,,CoderBase,,256,,,,,,,,1.0,1.0,1.0,1.0,1.0,1.0,1.0,1.0,,68.54,68.54,68.54,68.54,70.84,74.14,76.67,80.85,80.85,,4472442,4472442,4472442,4472442,4472442,4472442,4472442,4472442
,,,CoderPCA,256,256,256,256,256,4,4,4,,0.31,0.31,0.31,0.31,0.31,0.31,0.31,0.28,,0.00,0.00,0.00,0.00,7.32,17.59,23.75,32.07,32.07,,1406909,1406909,1406909,1406909,1406909,1403273,1368605,1260929
,,,CoderAPCA,4,4,4,4,4,4,4,4,,0.37,0.37,0.34,0.33,0.29,0.26,0.23,0.19,,15.64,15.64,7.76,5.13,0.00,0.00,0.00,0.00,15.64,,1667713,1667713,1525318,1482946,1303987,1156389,1043595,856529
,,,CoderCA,4,4,4,4,4,4,4,4,,0.38,0.38,0.37,0.37,0.35,0.33,0.32,0.29,,17.12,17.12,14.66,13.90,16.43,22.34,26.88,34.27,34.27,,1697578,1697578,1648672,1634042,1560375,1489084,1427264,1303085
,,,CoderPWLH,4,4,4,4,4,8,8,8,,1.13,1.13,1.07,1.06,0.99,0.92,0.85,0.71,,72.05,72.05,70.70,70.28,70.44,71.78,72.44,73.03,73.03,,5033023,5033023,4802041,4733299,4411289,4097728,3786740,3175805
,,,CoderPWLHInt,4,4,4,4,4,4,4,8,,0.35,0.35,0.35,0.34,0.32,0.3,0.28,0.25,,9.00,9.00,9.00,8.32,9.27,13.92,17.64,21.85,21.85,,1546108,1546108,1546108,1534659,1437232,1343441,1267099,1095947
,,,CoderFR,4,4,4,4,4,4,4,4,,0.36,0.36,0.36,0.36,0.35,0.34,0.33,0.3,,13.61,13.61,12.15,11.65,15.88,23.08,28.50,37.18,37.18,,1628535,1628535,1601486,1592444,1550182,1503278,1459487,1363545
,,,CoderSF,,4,,,,,,,,3.6,3.6,3.35,3.27,2.96,2.69,2.48,2.09,,91.27,91.27,90.60,90.39,90.15,90.40,90.58,90.82,91.27,,16109132,16109132,14965031,14638403,13232561,12047180,11078648,9331730
,,,CoderGAMPSLimit,4,4,4,4,4,4,8,8,,2.2,2.2,2.01,1.96,1.72,1.52,1.36,1.08,,85.73,85.73,84.37,83.92,83.02,83.00,82.88,82.22,85.73,,9856769,9856769,9002465,8748497,7678769,6801893,6096134,4817774
,,Humidity
,,,CoderBase,,,,,,,,,,1.0,1.0,1.0,1.0,1.0,1.0,1.0,1.0,,76.90,76.90,76.90,76.90,79.49,81.86,83.99,87.06,87.06,,4969380,4969380,4969380,4969380,4969380,4969380,4969380,4969380
,,,CoderPCA,256,256,256,256,256,4,4,4,,0.23,0.23,0.23,0.23,0.23,0.23,0.22,0.2,,0.00,0.00,0.00,0.00,11.21,20.82,27.55,34.90,34.90,,1147888,1147888,1147888,1147888,1147888,1138467,1097967,987717
,,,CoderAPCA,4,4,4,4,4,4,4,4,,0.26,0.26,0.25,0.23,0.21,0.18,0.16,0.13,,12.48,12.13,9.00,1.35,0.00,0.00,0.00,0.00,12.13,,1311605,1306277,1261421,1163645,1019249,901433,795473,643001
,,,CoderCA,4,4,4,4,4,4,4,4,,0.27,0.27,0.27,0.26,0.25,0.24,0.22,0.2,,15.55,15.32,14.03,11.91,17.73,23.52,28.73,35.89,35.89,,1359329,1355573,1335257,1303157,1238981,1178669,1116173,1002989
,,,CoderPWLH,4,4,4,4,4,8,8,16,,0.74,0.74,0.72,0.69,0.64,0.59,0.53,0.43,,68.94,68.77,67.84,66.72,67.99,69.21,69.88,70.15,70.15,,3695801,3675477,3569839,3449225,3184467,2927746,2640878,2154061
,,,CoderPWLHInt,4,4,4,4,4,4,8,8,,0.25,0.25,0.25,0.24,0.22,0.21,0.19,0.16,,8.03,8.03,7.53,4.83,8.35,13.10,17.24,18.35,18.35,,1248103,1248103,1241331,1206137,1112107,1037369,961148,787552
,,,CoderFR,4,4,4,4,4,4,4,4,,0.26,0.26,0.26,0.26,0.25,0.24,0.23,0.21,,12.34,12.21,11.47,10.24,17.72,24.78,31.04,39.70,39.70,,1309405,1307485,1296589,1278805,1238737,1198417,1153513,1066261
,,,CoderSF,,,,,,,,,,2.41,2.39,2.28,2.17,1.93,1.75,1.57,1.28,,90.43,90.34,89.87,89.36,89.40,89.62,89.82,89.93,90.34,,11998531,11888494,11332762,10787866,9611902,8688004,7812868,6383806
,,,CoderGAMPSLimit,4,4,4,4,4,4,8,8,,1.43,1.42,1.37,1.27,1.11,0.98,0.85,0.65,,83.84,83.78,83.19,81.76,81.47,81.45,81.18,80.22,83.78,,7105379,7075943,6829433,6291731,5499335,4858211,4227409,3251353
,,AirTemp
,,,CoderBase,,,,,,,,,,1.0,1.0,1.0,1.0,1.0,1.0,1.0,1.0,,67.32,67.32,69.67,72.61,77.58,80.76,83.24,86.69,86.69,,5963256,5963256,5963256,5963256,5963256,5963256,5963256,5963256
,,,CoderPCA,256,256,256,4,4,4,4,4,,0.33,0.33,0.33,0.32,0.29,0.26,0.24,0.21,,0.00,0.00,7.20,14.24,22.22,25.69,29.38,35.61,35.61,,1948763,1948763,1948763,1904319,1719171,1543707,1415223,1232739
,,,CoderAPCA,4,4,4,4,4,8,8,16,,0.36,0.35,0.3,0.27,0.22,0.19,0.17,0.13,,9.73,6.51,0.00,0.00,0.00,0.00,0.00,0.00,6.51,,2158824,2084512,1808432,1633166,1337094,1147124,999389,793776
,,,CoderCA,4,4,4,4,4,4,4,8,,0.38,0.37,0.35,0.33,0.3,0.28,0.26,0.23,,13.07,11.53,13.37,17.69,25.04,30.21,35.27,40.93,40.93,,2241760,2202784,2087634,1984272,1783750,1643708,1543888,1343894
,,,CoderPWLH,4,4,4,8,16,16,32,32,,0.88,0.85,0.79,0.73,0.62,0.53,0.47,0.37,,62.84,61.51,61.55,62.39,63.57,63.66,64.10,64.49,64.49,,5243696,5063248,4702980,4341919,3670720,3156696,2783802,2235141
,,,CoderPWLHInt,4,4,4,4,8,16,16,32,,0.35,0.35,0.32,0.3,0.26,0.23,0.2,0.16,,6.48,5.85,6.52,9.63,13.52,15.48,16.37,18.99,18.99,,2083896,2069868,1934468,1807298,1546049,1357216,1195044,979849
,,,CoderFR,4,4,4,4,4,8,8,8,,0.36,0.36,0.35,0.34,0.31,0.29,0.27,0.23,,10.37,9.49,13.09,18.69,27.72,33.45,37.18,43.19,43.19,,2174252,2152986,2080872,2008576,1849984,1723664,1590794,1397144
,,,CoderSF,,,,,,,,,,2.86,2.69,2.43,2.21,1.83,1.56,1.36,1.08,,88.57,87.83,87.50,87.58,87.74,87.68,87.70,87.69,87.83,,17042936,16015967,14464871,13153715,10906793,9309128,8123231,6448295
,,,CoderGAMPSLimit,4,4,4,8,8,16,16,32,,1.69,1.63,1.41,1.28,1.01,0.84,0.72,0.55,,80.64,79.94,78.52,78.55,77.84,77.09,76.73,75.69,79.94,,10066490,9716492,8420780,7615332,6035070,5006294,4293858,3264767
,,SST
,,,CoderBase,,,,,,,,,,1.0,1.0,1.0,1.0,1.0,1.0,1.0,1.0,,67.09,69.04,75.40,79.39,85.83,89.34,91.79,94.58,94.58,,5963256,5963256,5963256,5963256,5963256,5963256,5963256,5963256
,,,CoderPCA,256,256,4,4,4,4,4,4,,0.33,0.33,0.31,0.28,0.23,0.19,0.16,0.13,,0.00,5.91,20.80,27.61,38.16,43.82,49.02,57.25,57.25,,1962351,1962351,1851888,1697412,1366392,1131996,960276,755868
,,,CoderAPCA,4,4,4,4,8,16,16,32,,0.37,0.31,0.25,0.21,0.14,0.11,0.08,0.05,,10.55,0.00,0.00,0.00,0.00,0.00,0.00,0.00,0.00,,2193808,1846286,1466690,1228816,844986,635942,489558,323161
,,,CoderCA,4,4,4,4,8,8,16,16,,0.38,0.35,0.31,0.28,0.23,0.19,0.16,0.12,,12.62,11.05,20.29,26.07,37.87,44.18,49.42,55.70,55.70,,2245678,2075746,1840056,1662102,1360131,1139196,967926,729526
,,,CoderPWLH,4,4,8,16,32,32,64,64,,0.88,0.79,0.65,0.54,0.38,0.28,0.21,0.14,,62.66,60.56,61.95,62.02,62.40,61.97,61.63,60.31,62.40,,5254862,4681544,3854219,3235442,2247137,1672384,1275918,814160
,,,CoderPWLHInt,4,4,8,8,16,32,32,64,,0.35,0.34,0.29,0.24,0.17,0.13,0.1,0.06,,6.00,9.42,15.56,15.88,17.57,17.94,17.94,16.62,17.94,,2087582,2038232,1736877,1460763,1025062,774977,596557,387594
,,,CoderFR,4,4,4,4,8,16,16,32,,0.37,0.35,0.32,0.29,0.24,0.2,0.17,0.12,,10.14,11.18,22.89,30.06,40.59,46.43,50.95,55.89,55.89,,2183872,2078732,1902108,1756956,1422183,1187058,998114,732627
,,,CoderSF,,,,,,,,,,2.78,2.32,1.86,1.56,1.09,0.83,0.65,0.42,,88.17,86.65,86.77,86.76,87.04,87.17,87.30,87.03,87.30,,16584486,13829304,11086119,9278829,6521712,4957329,3854766,2492526
,,,CoderGAMPSLimit,4,4,8,8,16,32,32,64,,1.72,1.44,1.13,0.92,0.6,0.44,0.33,0.2,,80.83,78.54,78.31,77.62,76.54,75.58,74.81,73.33,78.54,,10235790,8603148,6763187,5490857,3601664,2604018,1943550,1211792
NOAA-SPC-hail
,noaa_spc-hail.csv
,,Lat
,,,CoderBase,,,,,,,,,,1.0,1.0,1.0,1.0,1.0,1.0,1.0,1.0,,0.00,0.00,10.17,17.38,28.51,35.38,42.51,53.25,53.25,,204708,204708,204708,204708,204708,204708,204708,204708
,,,CoderPCA,256,256,4,4,4,4,4,4,,1.0,1.0,1.0,0.97,0.91,0.86,0.81,0.71,,0.04,0.04,9.73,15.05,21.47,24.54,28.80,34.40,34.40,,204784,204784,203726,199082,186374,175286,165278,145874
,,,CoderAPCA,4,4,4,4,4,8,8,8,,1.15,1.02,0.9,0.83,0.71,0.65,0.57,0.47,,12.90,2.01,0.00,0.00,0.00,0.00,0.00,0.00,2.01,,235027,208903,183899,169129,146351,132279,117684,95694
,,,CoderCA,4,4,4,4,4,4,4,4,,1.17,1.13,1.09,1.05,0.99,0.94,0.9,0.83,,14.23,11.63,17.35,21.51,27.59,31.03,35.83,43.89,43.89,,238667,231653,222497,215483,202127,191781,183381,170543
,,,CoderPWLH,4,4,4,8,8,16,16,16,,2.75,2.63,2.5,2.37,2.13,1.96,1.79,1.54,,63.65,61.94,64.06,65.18,66.37,66.97,67.97,69.58,69.58,,563231,537919,511655,485751,435242,400433,367449,314525
,,,CoderPWLHInt,4,4,4,4,8,8,8,16,,1.09,1.04,0.99,0.95,0.86,0.8,0.74,0.64,,7.91,4.26,9.35,13.11,17.13,18.79,22.10,26.64,26.64,,222291,213827,202861,194653,176598,162888,151080,130441
,,,CoderFR,4,4,4,4,4,4,4,8,,1.12,1.1,1.07,1.05,1.0,0.96,0.92,0.84,,11.02,9.35,16.22,21.03,28.20,32.43,37.56,44.44,44.44,,230053,225811,219497,214177,203845,195753,188473,172230
,,,CoderSF,,,,,,,,,,9.27,8.69,8.06,7.53,6.55,5.8,5.18,4.22,,89.22,88.49,88.85,89.03,89.08,88.85,88.91,88.93,89.08,,1898276,1777919,1649435,1541204,1339835,1186712,1060808,864728
,,,CoderGAMPSLimit,4,4,4,8,8,16,16,32,,5.41,4.81,4.24,3.89,3.28,2.88,2.54,2.0,,81.52,79.22,78.82,78.77,78.22,77.57,77.32,76.66,79.22,,1107952,984928,868108,796573,672087,589638,518986,410008
,,Long
,,,CoderBase,,,,,,,,,,1.0,1.0,1.0,1.0,1.0,1.0,1.0,1.0,,0.00,0.00,14.09,22.50,34.94,44.62,51.28,61.26,61.26,,221767,221767,221767,221767,221767,221767,221767,221767
,,,CoderPCA,256,256,4,4,4,4,4,4,,1.0,1.0,0.99,0.96,0.87,0.8,0.73,0.64,,0.03,0.03,13.12,18.88,25.00,30.37,33.50,39.63,39.63,,221843,221843,219294,211884,192384,176394,162471,142308
,,,CoderAPCA,4,4,4,4,4,8,8,16,,1.14,1.01,0.86,0.78,0.65,0.55,0.49,0.39,,12.39,0.95,0.00,0.00,0.00,0.00,0.00,0.00,0.95,,253134,223899,190524,171879,144279,122825,108041,85910
,,,CoderCA,4,4,4,4,4,4,4,8,,1.15,1.11,1.05,1.01,0.94,0.88,0.84,0.75,,13.31,10.25,18.50,23.48,30.58,37.08,41.70,48.68,48.68,,255819,247089,233769,224619,207834,195204,185319,167401
,,,CoderPWLH,4,4,8,8,8,16,16,32,,2.54,2.41,2.24,2.09,1.84,1.63,1.48,1.25,,60.64,58.53,61.66,62.92,64.58,66.06,66.97,69.04,69.04,,563467,534711,496969,463584,407365,361933,327109,277470
,,,CoderPWLHInt,4,4,4,8,8,8,16,16,,1.08,1.03,0.96,0.91,0.8,0.72,0.65,0.56,,7.38,2.93,10.39,14.78,18.61,23.22,25.53,30.52,30.52,,239441,228453,212621,201697,177271,159978,145087,123642
,,,CoderFR,4,4,4,4,4,4,8,8,,1.12,1.09,1.05,1.02,0.96,0.9,0.85,0.75,,10.32,8.36,18.33,24.03,31.92,38.79,42.53,48.48,48.48,,247274,241994,233279,226244,211919,200654,187994,166746
,,,CoderSF,,,,,,,,,,8.51,7.94,7.19,6.57,5.53,4.73,4.12,3.28,,88.25,87.40,88.06,88.20,88.23,88.28,88.16,88.18,88.28,,1887956,1760117,1595384,1456709,1225541,1048037,912716,726569
,,,CoderGAMPSLimit,4,4,4,8,8,16,16,32,,5.02,4.44,3.79,3.39,2.74,2.29,1.98,1.54,,80.09,77.49,77.32,77.13,76.25,75.86,75.39,74.78,77.49,,1113760,985258,840058,751683,607432,508786,438950,340663
,,Size
,,,CoderBase,,,,,,,,,,1.0,1.0,1.0,1.0,1.0,1.0,1.0,1.0,,19.39,19.41,19.41,19.42,19.44,19.47,19.48,35.65,35.65,,170590,170590,170590,170590,170590,170590,170590,170590
,,,CoderPCA,4,4,4,4,4,4,4,4,,0.94,0.94,0.94,0.94,0.94,0.94,0.94,0.87,,14.31,14.32,14.32,14.32,14.33,14.35,14.35,26.22,26.22,,160471,160441,160441,160441,160411,160381,160381,148801
,,,CoderAPCA,4,4,4,4,4,4,4,8,,0.81,0.81,0.81,0.81,0.81,0.81,0.81,0.64,,0.00,0.00,0.00,0.00,0.00,0.00,0.00,0.00,0.00,,137506,137470,137470,137458,137422,137374,137362,109779
,,,CoderCA,4,4,4,4,4,4,4,4,,1.07,1.07,1.06,1.06,1.05,1.04,1.02,0.99,,24.64,24.45,24.18,23.88,23.28,22.38,21.42,35.23,35.23,,182470,181954,181318,180574,179110,176986,174814,169486
,,,CoderPWLH,8,8,8,8,8,8,8,8,,2.94,2.93,2.91,2.89,2.83,2.75,2.69,2.46,,72.63,72.50,72.29,72.08,71.54,70.72,70.03,73.79,73.79,,502352,499814,496184,492406,482929,469176,458371,418889
,,,CoderPWLHInt,4,4,4,4,4,4,4,8,,1.0,1.0,0.99,0.99,0.97,0.94,0.93,0.85,,19.31,19.33,18.94,18.39,17.07,14.71,13.19,24.56,24.56,,170416,170416,169598,168436,165714,161064,158236,145518
,,,CoderFR,4,4,4,4,4,4,4,4,,1.05,1.05,1.05,1.04,1.04,1.03,1.02,1.0,,23.38,23.20,23.03,22.86,22.39,21.85,21.19,35.60,35.60,,179472,179004,178596,178200,177072,175788,174300,170460
,,,CoderSF,,,,,,,,,,9.95,9.29,9.21,9.1,8.89,8.63,8.43,7.42,,91.90,91.33,91.25,91.15,90.94,90.67,90.44,91.33,91.33,,1696686,1584972,1571943,1552851,1517118,1472097,1437267,1265826
,,,CoderGAMPSLimit,8,8,8,8,8,8,8,16,,4.33,4.33,4.33,4.32,4.32,4.32,4.32,3.3,,81.37,81.37,81.37,81.37,81.37,81.37,81.37,80.47,81.37,,738052,737851,737851,737784,737516,737248,737181,562203
NOAA-SPC-tornado
,noaa_spc-tornado.csv
,,Lat
,,,CoderBase,,,,,,,,,,1.0,1.0,1.0,1.0,1.0,1.0,1.0,1.0,,0.00,14.57,29.37,34.83,45.83,53.22,58.05,66.52,66.52,,46092,46092,46092,46092,46092,46092,46092,46092
,,,CoderPCA,256,4,4,4,4,4,4,4,,1.0,1.0,0.94,0.89,0.8,0.74,0.7,0.62,,0.05,14.36,24.78,26.95,32.22,36.77,39.67,45.69,45.69,,46115,45980,43280,41120,36836,34100,32048,28412
,,,CoderAPCA,4,4,4,4,8,8,16,16,,1.12,0.85,0.71,0.65,0.54,0.47,0.42,0.33,,10.69,0.00,0.00,0.00,0.00,0.00,0.00,0.00,0.00,,51611,39375,32557,30037,24967,21562,19335,15431
,,,CoderCA,4,4,4,4,4,8,8,8,,1.16,1.04,0.94,0.89,0.81,0.76,0.71,0.64,,14.05,17.90,24.95,26.69,33.49,38.34,40.75,47.61,47.61,,53627,47957,43379,40971,37541,34972,32632,29452
,,,CoderPWLH,4,8,8,16,16,16,32,32,,2.74,2.36,2.06,1.88,1.6,1.42,1.3,1.09,,63.56,63.82,65.65,65.40,66.17,66.96,67.64,69.15,69.15,,126473,108839,94789,86823,73791,65267,59745,50021
,,,CoderPWLHInt,4,4,8,8,16,16,16,16,,1.08,0.95,0.84,0.77,0.66,0.58,0.54,0.46,,7.58,10.55,15.95,14.96,18.43,20.01,21.91,26.57,26.57,,49873,44017,38737,35320,30607,26955,24759,21015
,,,CoderFR,4,4,4,4,8,8,8,16,,1.12,1.04,0.97,0.93,0.86,0.79,0.73,0.66,,10.83,17.70,27.13,30.07,37.10,40.41,42.92,48.92,48.92,,51691,47841,44677,42955,39694,36184,33874,30211
,,,CoderSF,,,,,,,,,,9.17,7.47,6.35,5.7,4.78,4.06,3.61,2.89,,89.09,88.57,88.87,88.57,88.66,88.48,88.39,88.40,88.87,,422514,344340,292611,262683,220113,187218,166578,133038
,,,CoderGAMPSLimit,4,4,8,8,16,16,32,32,,5.28,4.03,3.28,2.95,2.4,2.03,1.78,1.4,,81.05,78.82,78.48,77.93,77.42,76.96,76.47,76.14,78.82,,243284,185930,151294,136085,110576,93576,82187,64661
,,Long
,,,CoderBase,,,,,,,,,,1.0,1.0,1.0,1.0,1.0,1.0,1.0,1.0,,0.00,17.88,34.91,42.34,54.45,60.12,65.16,71.59,71.59,,49933,49933,49933,49933,49933,49933,49933,49933
,,,CoderPCA,256,4,4,4,4,4,4,4,,1.0,0.99,0.89,0.83,0.73,0.68,0.62,0.55,,0.11,16.95,27.03,30.68,37.96,41.04,43.82,48.34,48.34,,49990,49375,44539,41536,36661,33775,30967,27457
,,,CoderAPCA,4,4,4,8,8,16,16,16,,1.11,0.82,0.65,0.58,0.46,0.4,0.35,0.28,,9.95,0.00,0.00,0.00,0.00,0.00,0.00,0.00,0.00,,55451,41006,32501,28793,22745,19914,17398,14185
,,,CoderCA,4,4,4,4,8,8,16,16,,1.15,0.99,0.87,0.82,0.71,0.65,0.6,0.53,,13.17,16.95,25.17,29.63,36.27,38.34,42.03,46.53,46.53,,57506,49376,43436,40916,35689,32297,30012,26527
,,,CoderPWLH,4,8,16,16,16,32,32,32,,2.53,2.04,1.7,1.54,1.25,1.09,0.98,0.83,,60.55,59.72,61.75,62.54,63.51,63.48,64.40,65.82,65.82,,126573,101811,84981,76873,62333,54535,48877,41506
,,,CoderPWLHInt,4,4,8,8,16,16,32,32,,1.08,0.9,0.75,0.68,0.55,0.49,0.44,0.38,,7.13,9.23,13.01,15.81,17.48,18.04,21.47,24.37,24.37,,53765,45174,37361,34201,27563,24297,22154,18755
,,,CoderFR,4,4,4,8,8,16,16,16,,1.11,1.01,0.91,0.86,0.75,0.68,0.62,0.55,,10.24,18.36,28.86,33.01,39.13,41.16,43.64,48.26,48.26,,55629,50229,45684,42982,37366,33842,30867,27416
,,,CoderSF,,,,,,,,,,8.4,6.39,5.15,4.5,3.52,2.98,2.62,2.08,,88.09,87.15,87.35,87.19,87.05,86.61,86.69,86.33,87.35,,419194,319090,256912,224791,175642,148681,130750,103789
,,,CoderGAMPSLimit,4,4,8,16,16,32,32,32,,4.88,3.61,2.76,2.42,1.86,1.59,1.38,1.1,,79.52,77.28,76.44,76.17,75.51,74.98,74.80,74.29,77.28,,243846,180486,137928,120810,92862,79599,69042,55173
NOAA-SPC-wind
,noaa_spc-wind.csv
,,Lat
,,,CoderBase,,,,,,,,,,1.0,1.0,1.0,1.0,1.0,1.0,1.0,1.0,,0.00,0.00,11.26,18.71,30.18,37.56,43.82,52.85,52.85,,523380,523380,523380,523380,523380,523380,523380,523380
,,,CoderPCA,256,256,4,4,4,4,4,4,,1.0,1.0,0.99,0.97,0.9,0.84,0.79,0.71,,0.03,0.03,10.63,15.85,22.19,25.50,29.32,33.96,33.96,,523550,523550,519690,505611,469614,438648,415989,373674
,,,CoderAPCA,4,4,4,4,4,8,8,8,,1.13,1.02,0.89,0.81,0.7,0.62,0.56,0.47,,11.77,1.58,0.00,0.00,0.00,0.00,0.00,0.00,1.58,,593217,531777,464457,425457,365412,326796,294028,246764
,,,CoderCA,4,4,4,4,4,4,4,4,,1.15,1.13,1.09,1.06,1.0,0.96,0.92,0.87,,13.30,11.39,18.59,23.17,30.06,34.66,39.02,45.65,45.65,,603702,590667,570537,553737,522432,500172,482187,454047
,,,CoderPWLH,4,4,4,8,8,8,16,16,,2.54,2.45,2.34,2.25,2.06,1.92,1.81,1.63,,60.70,59.26,62.07,63.88,66.13,67.56,69.00,71.09,71.09,,1331816,1284532,1224594,1177936,1078992,1007463,948444,853604
,,,CoderPWLHInt,4,4,4,4,8,8,8,8,,1.08,1.05,1.0,0.97,0.9,0.84,0.79,0.73,,7.72,4.95,11.36,15.86,22.49,25.71,29.30,34.98,34.98,,567142,550650,523963,505683,471438,439897,415875,379492
,,,CoderFR,4,4,4,4,4,4,8,8,,1.11,1.09,1.06,1.03,0.98,0.94,0.91,0.83,,10.06,8.65,16.49,21.45,28.99,33.62,38.04,43.15,43.15,,581892,572952,556167,541647,514602,492282,474529,434065
,,,CoderSF,,,,,,,,,,8.54,8.08,7.43,6.94,6.01,5.33,4.8,3.99,,88.29,87.63,88.05,88.29,88.38,88.29,88.30,88.19,88.38,,4468088,4231244,3887459,3631910,3144677,2791217,2513996,2088683
,,,CoderGAMPSLimit,4,4,4,8,8,16,16,32,,4.99,4.47,3.91,3.57,2.98,2.61,2.32,1.9,,79.95,77.63,77.29,77.20,76.57,76.04,75.81,75.19,77.63,,2610115,2339779,2045551,1866365,1559438,1363685,1215309,994579
,,Long
,,,CoderBase,,,,,,,,,,1.0,1.0,1.0,1.0,1.0,1.0,1.0,1.0,,0.00,4.59,19.71,26.79,37.94,45.67,51.48,60.27,60.27,,563640,563640,563640,563640,563640,563640,563640,563640
,,,CoderPCA,256,256,4,4,4,4,4,4,,1.0,1.0,0.96,0.91,0.83,0.77,0.72,0.64,,0.03,4.62,16.42,19.94,25.42,29.79,32.74,37.96,37.96,,563810,563810,541461,515421,469011,436125,406599,360903
,,,CoderAPCA,4,4,4,4,8,8,8,16,,1.13,0.95,0.8,0.73,0.62,0.54,0.49,0.4,,11.19,0.00,0.00,0.00,0.00,0.00,0.00,0.00,0.00,,634652,537788,452572,412668,349770,306216,273491,223914
,,,CoderCA,4,4,4,4,4,4,4,8,,1.14,1.1,1.04,1.0,0.94,0.9,0.87,0.82,,12.48,13.13,22.57,26.83,33.85,39.47,43.99,51.27,51.27,,644044,619084,584524,564012,528764,505900,488284,459539
,,,CoderPWLH,4,4,8,8,16,16,16,16,,2.36,2.22,2.07,1.97,1.79,1.66,1.55,1.4,,57.69,57.12,61.24,62.76,65.29,67.21,68.74,71.57,71.57,,1332018,1254080,1167768,1107985,1007672,933940,874772,787656
,,,CoderPWLHInt,4,4,4,8,8,8,8,16,,1.08,1.02,0.96,0.92,0.83,0.78,0.74,0.66,,7.22,6.41,16.07,20.15,25.56,30.33,34.07,40.07,40.07,,607482,574602,539212,516801,469839,439518,414851,373652
,,,CoderFR,4,4,4,4,4,8,8,8,,1.1,1.07,1.02,0.98,0.93,0.87,0.83,0.75,,9.40,10.86,21.15,25.55,33.05,37.84,41.23,47.14,47.14,,622122,603274,573994,554298,522458,492635,465367,423632
,,,CoderSF,,,,,,,,,,7.95,7.19,6.34,5.81,4.97,4.36,3.86,3.16,,87.42,86.73,87.33,87.40,87.50,87.55,87.45,87.44,87.55,,4480730,4051418,3572828,3273935,2799215,2458913,2178467,1782308
,,,CoderGAMPSLimit,4,4,8,8,16,16,32,32,,4.64,3.94,3.31,2.96,2.44,2.11,1.85,1.49,,78.47,75.77,75.72,75.30,74.56,74.22,73.78,73.29,75.77,,2617903,2219395,1864221,1670859,1375109,1187973,1043155,838432
,,Speed
,,,CoderBase,,,,,,,,,,1.0,1.0,1.0,1.0,1.0,1.0,1.0,1.0,,34.51,56.18,74.10,83.21,84.29,87.71,89.67,91.79,91.79,,483120,483120,483120,483120,483120,483120,483120,483120
,,,CoderPCA,256,4,4,4,4,8,8,8,,1.0,0.68,0.55,0.44,0.38,0.35,0.33,0.3,,34.54,35.31,53.11,62.01,58.20,64.93,68.48,73.05,73.05,,483326,327237,266829,213585,181617,169337,158417,147161
,,,CoderAPCA,4,8,16,16,32,64,64,64,,0.98,0.44,0.28,0.24,0.16,0.12,0.1,0.08,,33.25,0.00,7.57,29.96,0.00,0.00,0.00,0.00,29.96,,473962,211683,135360,115840,75919,59394,49926,39666
,,,CoderCA,8,8,8,16,16,16,16,16,,0.74,0.71,0.57,0.46,0.45,0.45,0.45,0.45,,11.68,37.91,54.68,63.12,65.44,72.94,77.21,81.84,81.84,,358233,340938,276063,220000,219696,219488,219072,218432
,,,CoderPWLH,16,16,32,32,32,32,32,32,,1.66,1.46,0.94,0.94,0.94,0.94,0.93,0.93,,60.54,70.08,72.52,82.14,83.24,86.86,88.94,91.19,91.19,,801708,707524,455208,454274,452931,451854,451297,450230
,,,CoderPWLHInt,8,8,32,32,32,32,32,32,,0.68,0.62,0.41,0.41,0.41,0.41,0.41,0.41,,4.14,29.00,37.17,59.17,61.68,69.96,74.72,79.89,79.89,,330042,298152,199142,198719,198098,197716,197530,197211
,,,CoderFR,16,16,64,128,128,128,128,128,,0.65,0.59,0.26,0.17,0.17,0.16,0.16,0.16,,0.00,25.70,0.00,0.00,4.81,24.68,35.89,47.96,47.96,,316380,284892,125112,81139,79752,78859,77871,76218
,,,CoderSF,,,,,,,,,,6.2,2.6,0.45,0.41,0.39,0.38,0.38,0.37,,89.44,83.15,42.26,58.72,59.40,67.61,72.47,77.78,83.15,,2997395,1256540,216671,196547,187001,183389,181325,178487
,,,CoderGAMPSLimit,4,16,32,32,64,128,128,128,,4.62,1.94,1.17,1.0,0.63,0.48,0.4,0.31,,85.84,77.38,77.92,83.13,75.01,74.31,74.29,73.91,83.13,,2234215,935865,566608,480910,303779,231225,194163,152060
