DATASET:,NOAA-SPC-tornado
TIME UNIT:,minutes
FIRST TIMESTAMP:,2015-01-03 20:05:00
Time Delta,Latitude,Longitude
0,3144,-8996
35,3171,-8964
27,3215,-8905
9,3221,-8900
8,3227,-8893
24,3247,-8874
18,3243,-8837
25,3249,-8848
5,3281,-8831
17,3372,-8829
2,3296,-8813
24,3311,-8784
4,3418,-8795
595,3161,-8634
14,3172,-8621
176,3131,-8555
240,3136,-8362
4,3211,-8350
12,3217,-8336
4,3142,-8339
7,3222,-8324
68,3154,-8243
120,3204,-8123
20295,4733,-12259
7,4733,-12259
7820,2699,-8229
17511,2638,-8015
26344,3547,-11979
43355,3627,-9394
15,3627,-9380
4,3614,-9618
13,3634,-9357
15,3613,-9592
10,3546,-9783
23,3534,-9749
21,3615,-9551
27,3610,-9510
8357,3404,-9147
10,3403,-9138
10,3400,-9135
15,3389,-9126
3129,3732,-9534
16,3719,-9526
3,3724,-9518
15,3719,-9503
4,3879,-10209
4,3719,-9500
4,3718,-9540
10,3736,-9433
11,3997,-8403
2,3736,-9418
37,3711,-9444
60,3668,-9498
75,3653,-9418
61,3697,-9230
10,3635,-9325
16,3690,-9193
990,3592,-8704
228,3472,-8553
5348,3813,-8758
31,3804,-8716
7,3808,-8710
31,3820,-8660
150,3765,-8429
6,3765,-8418
182,3747,-9562
48,3820,-9452
66,3734,-9559
998,3794,-9078
169,3713,-9919
29,3720,-9893
3,3722,-9878
62,3739,-9835
40,3772,-9765
3,3770,-9814
19,3567,-9933
990,4084,-8961
5,4088,-8957
220,4169,-9068
29,4183,-9022
8,3883,-9102
43,4219,-8895
1,3209,-9523
2,4186,-8927
3,4182,-8915
0,4224,-8896
19,4202,-8907
3,4206,-8898
5,4209,-8893
0,3252,-9473
5,4213,-8891
5,3254,-9467
4,4221,-8884
10,4225,-8885
1,4241,-8862
5,4225,-8862
7,3954,-8946
3,4240,-8853
85,3752,-8979
16,3738,-8971
2795,3733,-10144
1361,3982,-9878
91,3736,-9842
1377,3215,-9036
31,3251,-8959
19,3258,-8945
1320,4405,-12311
2651,2831,-9732
36,2831,-9714
37,2839,-9693
89,3526,-10100
5,3526,-10100
38,3561,-10064
9,3574,-10010
88,3803,-10182
42,3813,-10175
1,3522,-9972
7,3524,-9971
1210,4011,-10274
115,3820,-10040
34,4034,-10253
8,3917,-10150
10,2898,-9613
91,2776,-9807
6,2776,-9800
108,2962,-9556
970,4004,-10272
0,4004,-10283
0,4035,-10295
58,3068,-9959
0,3073,-9964
163,3186,-8972
26,3252,-9787
428,3085,-9329
324,3215,-8563
27,3151,-8531
36,3048,-8603
16,3418,-8578
5,3213,-8523
3,3151,-8531
5,3155,-8529
26,3227,-8500
13,3229,-8493
22,3098,-8541
46,3196,-8417
73,3050,-8431
32,3240,-8313
40,3152,-8296
9,3417,-8006
90,3324,-8194
31,3354,-8172
7,3370,-8093
2,3379,-8186
53,3402,-8136
79,3522,-9270
4,3417,-8006
20,3417,-8006
238,3970,-8415
229,3486,-8683
766,2907,-8225
264,4078,-7768
1380,3390,-11522
0,3379,-11540
1463,3254,-10068
2,3253,-10058
93,3414,-10156
15,3408,-10149
102,3347,-9988
29,3349,-9982
925,2674,-8070
307,4067,-10259
1027,3066,-9401
22,3058,-9379
205,3199,-9969
20,3204,-9950
32,3015,-9134
19,3901,-9921
4,3902,-9911
5,3903,-9905
7,3836,-10121
1,3903,-9904
1,3907,-9897
14,3831,-10112
70,3901,-9840
70,2864,-9988
55,3264,-9505
33,3309,-9446
84,3293,-9302
68,3286,-9192
130,3261,-8995
19,3265,-8966
11,3269,-8953
23,3265,-8912
19,3274,-8886
822,3029,-8165
32,3774,-8768
108,3725,-8636
77,3703,-8525
1093,3208,-9913
9,3201,-9923
22,3198,-9894
11,3202,-9892
4,3199,-9878
5,3198,-9872
42,3202,-9840
15,3204,-9837
68,3217,-9795
86,3222,-9810
70,3215,-9812
55,3222,-9775
18,3213,-9758
33,3186,-9906
13,3222,-9738
0,3222,-9780
7,3222,-9702
4,3222,-9748
24,3222,-9727
2,3224,-9739
34,3209,-9740
285,3049,-9597
111,3106,-9399
195,2999,-9121
13,2996,-9104
12,2983,-9084
28,2980,-9039
15,3002,-9027
9071,4331,-9493
171,4047,-9651
0,4054,-9671
10,4047,-9648
1352,3807,-10062
1128,3333,-10458
86,3245,-10153
243,3347,-10143
0,3357,-10141
9,3357,-10153
27,3203,-10102
79,3204,-10070
339,3588,-9625
686,3896,-9815
14,3901,-9815
4,3489,-9831
11,3494,-9825
39,3965,-9850
27,3978,-9838
6,3983,-9836
17,4046,-9856
11,3515,-9783
4,3629,-9820
14,3786,-9766
5,3997,-9796
3,4001,-9792
4,3978,-9794
3,3800,-9761
1,3956,-9795
5,4011,-9784
3,3960,-9792
0,3645,-9803
5,3986,-9789
8,4001,-9781
0,3976,-9785
2,4031,-9773
3,3522,-9757
5,3756,-9763
7,3990,-9773
0,4094,-9842
1,3524,-9751
7,3525,-9750
7,3526,-9749
9,4001,-9766
13,4013,-9761
11,3609,-9876
12,3515,-9812
0,3515,-9809
11,3681,-9796
24,3989,-9751
10,3963,-9782
5,3709,-9812
14,3525,-9776
7,4011,-9731
14,4028,-9724
1,3531,-9775
9,4210,-10297
18,3906,-9771
3,3543,-9749
6,3543,-9749
2,3364,-9873
26,3978,-9725
5,3365,-9863
17,3319,-9932
5,3951,-9745
15,3959,-9730
3,3325,-9928
19,3978,-9709
6,3978,-9707
11,3985,-9709
11,3995,-9703
13,3329,-9905
1005,3760,-10068
15,3754,-10063
1,3761,-10058
118,3720,-10205
11,3710,-10201
35,3320,-9756
51,4004,-10481
9,3342,-9724
15,3317,-9787
1223,3420,-9943
5,3408,-9937
53,3414,-9890
9,3332,-9967
34,3418,-9850
12,3418,-9838
6,3331,-9934
18,3319,-9919
28,3419,-9800
1142,3910,-10063
111,3861,-10261
32,3229,-9902
7,3853,-10350
1,3867,-10435
14,3232,-9890
20,3872,-10359
0,3861,-10353
5,3858,-10333
7,3843,-10269
3,3379,-9713
0,3904,-10395
10,3922,-10384
10,3386,-9704
10,3411,-9863
1,3861,-10261
8,3418,-9853
1,3865,-10259
7,3418,-9850
3,3872,-10272
4,3874,-10251
0,3392,-9683
11,3879,-10252
1,3876,-8947
4,3400,-9672
19,3235,-9835
26,3402,-9648
3,3907,-10012
4,3914,-10011
3,3909,-10012
0,3402,-9647
23,3915,-10010
2,3886,-10069
12,3890,-10068
13,4013,-9955
4,3550,-9942
7,4024,-9954
2,3902,-10065
0,3911,-10063
7,3908,-10063
6,3911,-10063
10,3914,-10064
11,3920,-10066
11,3920,-10069
10,3931,-10065
17,3940,-10068
5,3944,-10062
22,3960,-10061
7,3963,-10062
20,3979,-10062
18,3986,-10063
5,3994,-10065
19,4011,-10065
659,4314,-9830
5,4316,-9830
22,4327,-9816
23,4349,-9805
8,4355,-9806
173,3313,-9718
6,3322,-9715
56,3344,-9675
12,4324,-9645
5,3350,-9662
55,3375,-9645
2,3174,-9787
106,3440,-9574
55,4216,-9484
3,4386,-9739
1,3485,-9531
1,3476,-9531
2,3204,-9697
9,4224,-9473
5,4227,-9461
4,3489,-9515
6,4227,-9473
2,3496,-9509
18,4245,-9466
10,4238,-9443
1,4252,-9455
5,4259,-9454
40,3252,-9565
19,3264,-9558
91,3261,-9557
28,3393,-9387
7,3284,-9431
5,3289,-9428
124,3196,-9505
541,3038,-9256
293,4323,-9646
52,3590,-7567
2977,3363,-10032
29,2768,-9885
1551,3959,-9313
612,2854,-9938
289,2785,-9842
107,2765,-9738
17,2792,-9727
101,4000,-10414
105,4202,-10418
7,4207,-10418
89,3959,-9568
77,3982,-9545
53,4281,-10197
34,4270,-10247
964,3460,-10124
63,4452,-10871
8,3490,-10077
10,3494,-10066
28,3508,-10038
26,3531,-10024
58,4513,-9643
7,4115,-10247
3,4505,-9572
55,3438,-9945
0,3442,-9943
1,3834,-9604
6,3840,-9599
0,4524,-9542
10,3540,-9938
4,4521,-9545
31,3633,-9855
17,4532,-9533
22,4546,-9525
18,3475,-9858
21,4561,-9525
10,4508,-9446
5,3494,-9820
5,3444,-9843
2,3445,-9838
0,3497,-9824
33,4531,-9432
10,3526,-9690
95,3547,-9627
64,3918,-9419
2,3597,-9576
2,3604,-9579
15,3618,-9555
11,3632,-9548
1,3954,-9404
6,3636,-9539
11,3647,-9526
12,3654,-9501
8,3663,-9495
8,3671,-9482
11,3676,-9464
5,3678,-9461
42,3696,-9389
29,3770,-9350
4,3778,-9347
5,3772,-9338
22,3779,-9301
52,3055,-9055
16,3056,-9055
6,4204,-9405
699,4486,-8884
1554,3132,-10334
28,3125,-10350
119,3124,-10302
993,3016,-9688
138,3496,-9748
8,3496,-9743
25,3242,-9679
2,3113,-10222
7,3100,-10231
0,3113,-10222
5,3411,-9892
24,3421,-9875
6,3422,-9874
11,3084,-10236
16,3079,-10242
9,3520,-9699
31,3069,-10232
1,3058,-10253
24,3336,-9860
47,3395,-9797
1,3399,-9872
2,3278,-9827
3,3400,-9793
5,3279,-9828
15,3352,-9822
1,3400,-9780
18,3353,-9818
19,3279,-9813
9,3279,-9810
13,3290,-9798
70,3413,-9753
40,3409,-9740
1075,3559,-8925
1425,3432,-7836
1620,3048,-10353
1180,4154,-10583
57,3803,-10361
98,4113,-10303
42,3519,-9801
13,3522,-9795
38,3454,-9698
7,3458,-9698
3,3514,-9766
52,3482,-9736
30,3485,-9741
41,2944,-9858
37,3012,-9806
2,3019,-9809
44,3036,-9769
8,3061,-9781
220,2775,-9743
298,2968,-9551
350,3810,-9371
173,3944,-9267
112,3799,-10262
15,3800,-10251
15,4072,-9145
15,4281,-10201
14,3659,-9268
56,4130,-9097
124,3709,-10082
2,3718,-10085
53,3725,-10064
6,3728,-10062
9,3732,-10059
13,3740,-10034
2,3736,-10052
21,3738,-10038
9,3738,-10036
6,3747,-10031
17,3750,-10039
11,3752,-10023
2,3752,-10044
11,3726,-10070
6,3761,-10027
8,3728,-10070
1,3761,-10023
2,3731,-10059
4,3765,-10021
18,3770,-9992
10,3767,-10002
0,3785,-10002
5,3769,-10002
2,3774,-9993
503,3240,-10071
3,3407,-8840
42,3254,-10040
34,3311,-8918
41,2613,-8011
93,3025,-9881
10,3026,-9884
18,3024,-9863
3,3034,-9849
20,3044,-9835
22,3107,-9813
32,3129,-9790
13,3375,-9655
4,3383,-9650
20,3404,-9623
15,3415,-9619
33,3438,-9608
20,3177,-9633
21,2986,-9782
0,3009,-9754
46,3465,-9512
14,3469,-9481
18,3501,-9483
12,3504,-9466
16,2910,-9813
10,2984,-9688
15,3499,-9319
5,3500,-9319
12,3215,-9483
5,2925,-9787
385,2997,-9025
517,4134,-9006
144,4270,-8965
45,4178,-8782
93,3289,-8471
95,3970,-8410
46,3275,-9847
36,3276,-9851
27,3268,-9843
25,3258,-9833
2,3552,-9862
1034,3000,-9843
144,4033,-10230
35,3444,-8895
15,3908,-10116
3,3829,-10056
8,3908,-10111
52,3834,-10054
7,3836,-10052
12,3835,-10048
38,3596,-10036
15,3759,-10094
37,3824,-10031
10,3588,-10040
16,3815,-10028
12,3815,-10028
8,3596,-10045
12,3806,-10022
9,3751,-10081
27,3815,-10018
9,3101,-10329
15,3099,-10327
848,3477,-9504
251,3626,-9436
31,3640,-9423
30,3297,-10171
4,3843,-10170
23,3294,-10166
4,3715,-10335
14,3835,-10133
12,3836,-10134
37,3915,-10260
10,3828,-10111
1,3715,-10245
19,3826,-10095
3,4837,-9724
1043,3336,-9062
200,3544,-9513
10,3544,-9513
6,3549,-9509
11,3636,-9508
8,3639,-9505
355,3364,-10324
1397,3974,-8609
1153,4120,-8045
2877,4737,-10282
239,4370,-10643
1524,4382,-10579
128,3934,-9845
14,3929,-9842
138,3592,-7625
1035,3915,-10408
16,3915,-10412
10,3911,-10413
4,3914,-10410
19,3907,-10410
30,3897,-10398
1,4021,-10517
138,3952,-10066
975,3951,-10465
187,3853,-11863
15,3853,-11863
31,3969,-10306
19,3943,-10274
25,3949,-10260
80,3950,-10105
79,3906,-10125
8,3907,-10120
0,3911,-10097
11,3907,-10115
0,3911,-10101
13,3909,-10112
12,3913,-10111
1167,3954,-10322
25,3443,-11757
55,3714,-10957
55,3726,-10931
1238,4124,-8721
11,4125,-8713
52,4124,-8682
171,4001,-8970
44,4003,-8845
1054,4072,-7655
1381,4283,-7395
1249,3661,-10812
184,2978,-8143
121,2697,-8009
315,4295,-7728
1135,4045,-9538
15,4051,-9528
85,4127,-9071
6,4131,-9066
197,3749,-10272
50,3750,-10250
1062,3476,-10252
5,3711,-9539
189,3292,-10244
1336,3584,-7706
1176,4108,-10070
7,4107,-10069
1587,4439,-8807
128,4177,-10630
0,4180,-10641
144,4132,-8804
7,4131,-8796
1171,4074,-10927
53,4276,-10579
217,4113,-10100
23,4156,-10304
1102,3394,-9467
158,4506,-9199
21,2767,-9810
6,4526,-9240
45,3885,-8016
235,4449,-10411
359,3204,-9370
149,3219,-9384
571,3204,-9370
12,3476,-7740
137,3219,-9384
75,3800,-7689
39,3783,-7669
19,3772,-7654
1055,3872,-8756
47,3797,-8836
12,3797,-8836
15,3800,-8678
21,3753,-8895
44,3777,-8932
0,3875,-8811
5,3878,-8811
2,3790,-8895
1,3777,-8932
31,3804,-8868
273,4444,-10297
918,3940,-8183
175,4849,-9905
149,3926,-7747
21,4751,-9842
8,3804,-7734
1488,4573,-10283
44,4554,-10240
26,4549,-10227
44,4536,-10192
276,4730,-9597
664,4289,-8496
215,4117,-9313
17,4111,-9303
31,4102,-9281
86,4138,-9077
1,3778,-10025
8,4174,-8959
25,4166,-8932
14,4164,-8923
12,4155,-8913
16,4151,-8907
15,4147,-8887
15,4144,-8884
3,4352,-8309
9,4140,-8861
5,4325,-8361
12,4353,-8274
9,4128,-8838
15,4127,-8828
10,4118,-8789
7,4127,-8822
5,4124,-8813
86,4100,-8803
0,4102,-8801
47,4219,-8401
726,3970,-8261
240,4207,-7133
105,4255,-7191
1404,3972,-10490
75,4162,-9442
34,4711,-10256
608,4171,-10454
720,4171,-10454
13,3808,-10011
8,3807,-10018
17,4179,-10332
1445,3883,-8168
1199,3776,-7748
61,3834,-7697
27,4867,-9811
7,4861,-9792
0,4863,-9807
4,4072,-8008
6,4850,-9793
0,4856,-9795
5,4842,-9796
7,4842,-9803
4,4824,-9776
0,4816,-9766
2,3428,-7812
5,4814,-9764
1,4784,-9807
10,3554,-7923
9,4818,-9769
13,4769,-9738
7,4776,-9782
3,4757,-9782
6,4679,-9784
14,4792,-9752
10,4740,-9761
10,4742,-9758
3,4770,-9737
7,4769,-9738
5,4730,-9751
70,3458,-7916
22,3460,-7893
20,4675,-9636
5,4675,-9628
4,4441,-9847
8,4627,-9698
22,4613,-9677
15,4601,-9676
1190,4067,-9216
58,3876,-9209
39,3926,-9108
101,3878,-9061
2464,4009,-7591
288,4747,-10410
54,4725,-10402
10,4090,-7665
84,4604,-10339
3,4593,-10325
1,4596,-10334
0,4593,-10338
1109,3707,-8475
213,3901,-9447
0,4140,-10519
17,3890,-9438
8,3890,-9438
67,3879,-9427
111,3827,-9342
59,3806,-9200
1104,3622,-8661
3,3622,-8657
82,3622,-8646
36,3617,-8637
16,3619,-8630
2869,3729,-10207
1372,4261,-10194
0,4250,-10179
1343,4463,-8892
0,4466,-8902
23,4470,-8876
1,3924,-9446
5,3924,-9443
3,3894,-9514
4,3920,-9439
5,4475,-8855
4,3896,-9500
31,4489,-8827
6,4492,-8824
1347,3846,-8376
1,4168,-10816
73,3511,-9491
1502,3776,-9077
21,3815,-9031
89,3718,-8953
1105,3701,-9266
5,3702,-9264
35,4128,-7687
15,4079,-7687
73,3599,-9488
32,4053,-7604
15,3627,-9448
55,3971,-7556
884,3788,-8603
6,3789,-8595
14,3789,-8572
1786,4393,-11220
665,3939,-8618
862,4617,-9650
7,4612,-9638
17,4610,-9614
17,4634,-9553
1412,3720,-8544
13,4318,-9019
25,3721,-8546
15,3663,-8544
20,4318,-9019
2,3813,-9799
1,3817,-9799
14,3815,-9803
6,3810,-9803
22,3661,-8543
41,4050,-8736
16,4044,-8721
10,3976,-8669
230,4281,-8541
811,3647,-8513
66,3615,-8556
12,3615,-8558
13,4231,-7789
81,3846,-8370
42,3720,-8544
40,3477,-8771
14,3469,-8743
4,3461,-8675
0,3460,-8753
30,3450,-8690
11,3435,-8684
2768,4107,-9158
3,4197,-9374
5,4107,-9158
40,4081,-9112
9,4083,-9100
35,4084,-9087
11,4083,-9077
9,4086,-9075
5,4090,-9064
5,4086,-9071
1,4162,-9030
20,4088,-9052
64,4322,-9290
15,4172,-8970
171,4036,-8954
953,4031,-8674
5,4029,-8671
212,4562,-9773
37,4545,-9736
8,4533,-9731
244,4495,-9392
61,4510,-9312
52,4471,-9201
10,4424,-9209
737,4246,-8860
19,4246,-8848
7,4263,-8887
2,4269,-8874
1693,3431,-11637
100,3821,-10130
2642,4072,-10432
2885,4191,-10061
229,4420,-9822
94,4403,-9782
15,4403,-9770
11,4783,-9844
16,4403,-9762
1188,4388,-9469
1324,4577,-9901
21,4574,-9900
1340,4821,-10297
192,4292,-10039
88,4247,-9974
1285,4480,-10794
4283,4329,-7183
1537,3286,-10970
2695,4100,-10077
10,4106,-10077
9,4097,-10077
116,4373,-8327
45,4109,-9453
5,4112,-9456
128,4235,-8810
12,4235,-8795
1090,2666,-8017
5,2676,-8014
1695,3793,-7572
5,3790,-7570
2683,4535,-9532
50,4534,-9513
61,4531,-9481
7,4531,-9481
27,4437,-9695
27,4429,-9682
100,3231,-8508
118,3178,-8595
2381,2969,-8528
178,3813,-9982
224,4022,-9595
1114,4381,-9844
1357,4325,-8808
393,4100,-7990
5373,2674,-8094
3041,4042,-10474
0,4040,-10449
1395,3159,-8960
3,3929,-10453
78,3977,-10372
1298,4192,-9118
79,4098,-8872
33,4079,-8864
5,4079,-8870
59,4052,-8932
106,4172,-8810
11,4180,-8801
52,4261,-8841
33,4286,-8823
17,4298,-8826
2597,4089,-7705
11615,3796,-9724
14258,3994,-9679
1349,4438,-8412
11,4441,-8394
2982,4015,-9013
220,3890,-9597
2410,2998,-8216
0,2986,-8224
6070,2607,-8031
2830,4142,-8782
81,3865,-9491
21,3867,-9480
13,3861,-9468
17,3863,-9452
6,3861,-9451
6,3863,-9452
19,3865,-9435
8889,3272,-8006
5,3277,-8006
7,3278,-8011
5,3283,-8009
2356,2767,-9763
3950,2625,-8181
717,3910,-7684
158,4004,-7638
9534,3331,-11246
1371,3214,-10842
5480,2759,-8263
9120,3369,-11715
4215,3565,-10977
4489,4301,-9604
12,4308,-9589
17,4307,-9585
21,4289,-9554
875,2956,-9528
377,2901,-9562
1134,2996,-9035
385,2934,-9084
6490,2933,-9929
98,2637,-9767
24,2913,-9816
40,2982,-9798
29,2962,-9798
17,2976,-9798
264,3053,-9684
925,2917,-9543
10,2923,-9535
2,2897,-9544
29,2948,-9526
6,2904,-9545
13,2917,-9543
2,2929,-9528
8,2923,-9535
3,2951,-9520
49,2960,-9513
1,2955,-9523
0,2953,-9522
1,2948,-9526
4,2953,-9522
4,2985,-9496
11,2963,-9511
5,2960,-9513
5,2963,-9511
13,2983,-9508
38,3089,-9312
22,2983,-9506
140,3109,-9276
60,3110,-9276
63,3057,-9066
0,3067,-8966
57,3050,-9064
108,3059,-9038
56,3058,-9042
8,3058,-9033
8,3067,-8966
4,3117,-8997
18,3072,-8948
1,3126,-8971
37,3067,-8966
0,3071,-8947
1,3128,-8936
21,3072,-8948
1320,3100,-8423
58,3122,-8398
1157,3059,-8551
49,3160,-8458
197,3185,-8308
26,3193,-8268
4251,3540,-9638
5,3543,-9632
410,3382,-9465
8202,4099,-9475
17,4089,-9441
21,4071,-9434
4,4083,-9397
13,4065,-9331
0,4125,-9399
5,4133,-9413
6,4167,-9409
21,4090,-9303
2,4090,-9302
1,4153,-9366
49,4133,-9239
5,4146,-9248
16,4046,-9209
116,4160,-9036
1,4154,-9025
2,4151,-9015
5586,3756,-12082
9,3754,-12082
1440,3746,-10136
85,3804,-10063
1,3908,-10058
11,3910,-10053
7,3911,-10047
5,3914,-10044
2,3575,-10108
0,3522,-10171
0,3501,-10130
2,3714,-10080
8,3929,-10037
12,3727,-10066
3,3521,-10113
17,3539,-10096
2,3743,-10048
1,3720,-10067
8,3551,-10091
5,3914,-10044
1,3864,-9997
1,3760,-10036
0,3551,-10091
13,3543,-10096
4,3564,-10075
3,3770,-10021
0,3644,-10074
0,3639,-10062
1,3934,-10027
2,3553,-10094
1,3542,-10100
2,3777,-10020
2,3649,-10058
4,3654,-10052
7,3651,-10054
7,4003,-9968
8,3797,-10009
5,3575,-10125
7,4008,-9966
37,3611,-10082
23,3622,-10072
15,3634,-10054
30,3661,-10023
10,3660,-9966
34,3706,-9923
5,3709,-9920
12,3706,-9923
376,3060,-9612
50,3544,-9542
950,3231,-9058
127,3238,-8974
5,3244,-8969
11,3254,-8959
9,3261,-8953
2,3270,-8952
7,3274,-8948
7,3284,-8943
9,3293,-8932
0,3293,-8933
3,3295,-8931
7,3308,-8920
1,3304,-8928
4,3311,-8923
188,3361,-8843
462,3063,-8635
30,3082,-8623
223,3351,-8472
11,3356,-8463
48,3384,-8420
31468,4577,-12254
5,4578,-12254
3000,3251,-9541
5,3250,-9540
28,3048,-9550
25,3304,-9530
41,3339,-9526
15,3354,-9523
39,3536,-10066
11,3400,-9527
73,3401,-9514
12846,3104,-9273
75,3119,-9243
1909,3315,-8003
20,3315,-8003
333,3545,-9240
83,3693,-9092
92,3789,-8948
8,3808,-8931
199,3961,-8611
12,3400,-9071
1,3469,-9077
14,3413,-9058
46,3996,-8488
0,3450,-8994
17,3999,-8452
6,4054,-9081
9,4057,-9067
18,4136,-9071
3,3485,-8918
0,3483,-8918
0,3477,-8944
19,3495,-8890
0,3503,-8889
21,3493,-8912
2,3517,-8859
6,3474,-8944
32,3495,-8904
8,3556,-8782
4,3471,-8858
7,3472,-8857
13,3465,-8857
12,3510,-8796
8,3495,-8807
5,3500,-8798
3,3503,-8792
3,3872,-8437
5,3877,-8427
24,3465,-8857
152,3606,-8598
13,3925,-8159
320,3204,-8532
44,3186,-8563
477,3286,-8406
3,3282,-8413
235,3765,-12099
36,3761,-12096
10,3870,-12110
0,3868,-12115
5,3761,-12096
838,3549,-8639
498,3313,-8735
8,3315,-8729
12,3210,-8936
65,3345,-8691
5,3345,-8690
1256,3494,-9696
6,3192,-9680
240,3252,-9688
10,3258,-9685
33,3281,-9659
14,3236,-9659
1206,3350,-9467
18,3272,-9499
12,3351,-9353
34,3354,-9255
12,3367,-9446
14,3349,-9326
4,3261,-9435
26,3345,-9217
3,3292,-9425
57,3358,-9196
124,3275,-9388
6,3261,-9388
41,3347,-9328
133,3276,-9313
223,3049,-9083
27,3007,-9051
86,3467,-9089
52,3154,-8953
8,3158,-8952
165,3078,-8724
447,3489,-8052
12652,3696,-12140
95,3436,-11895
159,3339,-11760
2314,2471,-8108
2167,2658,-8199
8185,2655,-8191
2400,2726,-8255
5,2726,-8255
30,2763,-8213
208,2709,-8015
6361,3195,-9031
11,3170,-9055
55,3186,-9001
26,3226,-8954
14,3089,-9052
51,3136,-8961
8019,2624,-8017
5,2625,-8016
105,2626,-8052
1395,2652,-8006
7513,3226,-8916
12,3227,-8915
23,3249,-8884
17,3259,-8874
13,3272,-8858
17,3281,-8853
15,3285,-8848
6,3300,-8834
20,3319,-8818
7,3579,-8916
16,3319,-8818
17,3300,-8856
5,3354,-8792
15,3319,-8818
48,3261,-8915
91,3388,-8802
5,3392,-8802
45,3392,-8802
122,3340,-8816
5,3342,-8812
861,3390,-8106
153,3186,-8164
16941,3095,-9192
38,3238,-9032
72,3173,-9040
3,3282,-8961
8,3175,-9028
10,3179,-9016
1,3179,-9014
11,3303,-8928
7,3188,-8996
12,3017,-9284
11,3108,-9019
9,3195,-8963
22,3201,-8938
6,3204,-8934
6,3211,-8926
17,3222,-8909
78,3095,-8729
18,3100,-8723
9,3224,-8602
5,3108,-8712
0,3226,-8600
28,3127,-8685
24,3143,-8664
83,3166,-8584
37,3240,-8535
3,3240,-8525
60,3077,-8524
469,2682,-8111
21,2617,-8119
122,2608,-8030
2,2627,-8008
36,3483,-7647
0,2595,-8017
6,2595,-8020
55,3483,-7647
7,3484,-7643
9947,2924,-9589
311,2990,-9040
15,2998,-9027
31,3030,-9097
23,3030,-9097
5,3029,-9099
7,3035,-9097
28,3052,-9070
29,3068,-9060
83,2982,-9154
46,2999,-9105
8,3007,-9089
7,3007,-9089
7,3140,-9054
4,3069,-8978
5,3100,-8970
3,3073,-8967
8,3007,-9047
2,3106,-8965
8,3026,-9038
2,3113,-8951
3,3336,-8800
2,3117,-8947
7,3123,-8942
3,3096,-8933
3,3007,-9047
7,3283,-9026
4,3178,-9004
39,3126,-8870
5,3031,-8994
2,3131,-8865
8,3130,-8874
5,3143,-8853
18,3424,-8792
71,3071,-9058
46,3046,-8720
6,3046,-8720
5,3052,-8717
7,3055,-8711
2,3047,-8725
115,3119,-8561
9,3125,-8553
9,3126,-8543
5,3135,-8538
0,3130,-8534
11,3141,-8528
5,3144,-8521
8,3150,-8516
5,3142,-8498
48,3164,-8442
31,3185,-8402
83,3086,-8430
135,3315,-8667
443,2754,-8220
18,2765,-8206
12,3500,-7809
15,3522,-7792
1,3515,-7798
2,2701,-8215
22,2704,-8201
58,3703,-7709
19,3620,-7676
22,3464,-7993
19,3734,-7879
30,3610,-7889
5,3609,-7890
0,3776,-7829
14,3788,-7813
9,3636,-7854
7,3643,-7843
8,3656,-7830
14,3672,-7823
0,3670,-7809
103,3792,-7687
5,3797,-7684
24,3824,-7662
6,4172,-7629
18,4003,-7598
47,3775,-7669
3,3779,-7662
10,3765,-7662
8494,3352,-8696
31,3333,-8698
5,3332,-8691
54,3311,-8622
3,3311,-8617
105,3268,-8535
9291,3240,-9790
93,3309,-9689
23,3075,-9783
593,3093,-9920
24,3099,-9906
2670,3203,-8954
3138,3656,-8834
1101,3427,-9402
13,3485,-9425
49,3457,-9344
150,3321,-9236
50,3456,-9091
25,3464,-9075
40,3534,-9055
5,3351,-9145
7,3354,-9135
51,3375,-9075
866,3970,-8459
40,3990,-8443
8,3997,-8446
4,3999,-8442
1701,4032,-9139
31,4056,-9071
7,4157,-9036
0,4056,-9067
8,4060,-9063
51,4157,-9036
13,4071,-8991
2,3974,-8980
3,4182,-9032
0,3967,-8985
3,4075,-8979
15,4074,-8961
28,4168,-8968
2227,3358,-9491
427,3055,-8913
193,3042,-8893
2505,2611,-8009
6201,3294,-9739
57,3579,-9448
65,3665,-9362
517,3019,-9319
285,4144,-8673
56,4137,-8687
4,4144,-8673
44,4179,-8610
4604,3696,-8771
2,3699,-8748
9,3694,-8759
2,3704,-8757
8,3704,-8752
16,3715,-8724
2880,3289,-11725
1273,3715,-9657
123,3672,-9553
27,3619,-9592
17,3624,-9585
10,3622,-9575
6,3672,-9553
15,3628,-9558
185,3345,-9145
4,3353,-9144
400,3081,-9061
10,3086,-9051
108,3114,-8942
467,4036,-8684
48,3507,-8829
4,3554,-8776
13,3559,-8761
97,3345,-8837
10,3346,-8828
5,3347,-8826
1,3107,-8427
5,3347,-8819
5,3347,-8815
15,3378,-8787
10,3383,-8784
15,3386,-8770
7,3389,-8765
29,3365,-8753
5,3365,-8750
51,3451,-8690
11,3447,-8690
31,3388,-8662
157,3253,-8538
344,3259,-8409
39,3261,-8368
24,3264,-8348
44,3257,-8326
2,3257,-8326
6,3259,-8323
492,3117,-8291
19,3124,-8266
7586,3229,-8624
23,3226,-8594
6,3213,-8600
8,3253,-8552
12,3254,-8542
10,3213,-8557
3,3242,-8524
19,3188,-8564
9,3210,-8520
33,3207,-8491
29,3199,-8460
28,3158,-8474
5,3156,-8466
235,2797,-8271
6211,3325,-9309
1596,4046,-10474
4267,3829,-10285
16,3847,-10278
231,3815,-10277
34,3674,-10198
6,3675,-10196
6,3678,-10195
14,3688,-10196
3,3688,-10186
58,3709,-10174
33,3554,-10263
1145,3328,-10077
55,3358,-10062
15,3365,-10054
105,3261,-10080
1414,2829,-9900
2726,3064,-10259
90,3927,-9164
7072,3861,-9845
67,3890,-9787
44,4009,-9816
5,4014,-9801
1,4008,-9815
41,3985,-9765
12,3990,-9754
29,4375,-9402
14,4356,-9381
2497,3869,-9095
156,3724,-9761
114,3307,-9979
29,3911,-8699
86,3990,-9905
21,3540,-9771
35,3561,-9734
61,3646,-9654
6,3490,-9668
6,3653,-9638
5,3600,-9624
2,3618,-9627
8,3347,-9650
10,3613,-9592
5,3594,-9588
9,3604,-9579
36,3547,-9552
5,3668,-9529
20,3561,-9518
6,3639,-9506
5,3571,-9503
10,3621,-9485
8,3438,-9509
3,3684,-9466
13,3686,-9461
7,3540,-9459
1,3635,-9445
12,3636,-9429
15,3543,-9423
12,3532,-9405
4,3602,-9393
8,3549,-9392
29,3713,-9336
249,3077,-9441
24,3074,-9402
497,4086,-9499
38,4100,-9505
26,4127,-9612
50,3727,-8752
19,4071,-9458
0,3982,-9413
10,3986,-9411
13,3753,-8750
20,3765,-12076
8,4102,-9438
2,3761,-12075
6,4109,-9435
31,3769,-8715
8,3932,-8957
15,3776,-8712
13,3904,-8877
49,3876,-8809
1,4029,-9224
0,4029,-9223
37,3983,-9186
7,4051,-9201
34,3761,-12075
1040,4000,-8631
1514,3482,-9824
14,3486,-9813
17,3494,-9792
8,3353,-9670
88,3249,-9543
7,3252,-9540
20,3193,-9781
247,3235,-9426
25,3252,-9411
108,3259,-9438
7,3324,-9347
28,3339,-9329
215,3126,-9412
84,3056,-9396
317,3082,-9195
1940,4019,-8690
7,4014,-8678
5376,3427,-7780
3032,4022,-10417
13,4038,-10407
13,4047,-10400
48,4001,-10258
47,4021,-10244
35,4003,-10225
5,4004,-10223
13,4008,-10223
11,4008,-10223
5,4011,-10223
6,4018,-10223
18,4008,-10223
1332,3896,-10042
21,3881,-9994
38,4025,-10041
18,3459,-9807
5,3900,-9930
5,3906,-9924
5,3902,-9926
2,3902,-9950
8,3915,-9918
1,4052,-10022
1,4058,-10038
1234,3456,-9736
21,4072,-9662
6,4070,-9926
7,3457,-9712
7,3459,-9702
8,4070,-9658
2,4040,-9813
16,4043,-9807
2,4051,-9805
2,3524,-9723
0,4120,-9144
0,4053,-9048
6,3436,-9664
22,4070,-9053
8,4082,-9601
0,4088,-9592
14,3619,-9714
0,3442,-9623
19,3396,-9599
6,3443,-9609
0,3401,-9589
10,3950,-9700
22,3401,-9551
22,3408,-9534
38,4172,-9461
16,4173,-9469
5,4178,-9469
2,4839,-10449
34,3361,-9466
7,3364,-9462
90,3469,-9260
946,3778,-8630
25,3678,-8873
0,3674,-8865
8,3677,-8865
11,3684,-8852
14,3684,-8839
0,3800,-8895
5,4255,-9898
120,3711,-8732
0,3710,-8734
1,3764,-8849
4,3710,-8734
19,4100,-9819
7,3757,-8830
10,3746,-8688
4,3768,-8791
66,3693,-8770
6,3692,-8769
5,3696,-8771
20,3690,-8749
16,3690,-8743
1452,3811,-9123
4185,2644,-9801
2377,3583,-9992
422,3661,-10278
18,3657,-10276
34,3650,-10252
9,3615,-10302
26,3615,-10277
166,3586,-10038
14,3586,-10032
13,3589,-10021
6,3586,-10014
12,3583,-9992
971,2757,-8039
7,2754,-8040
20,2750,-8038
54,3214,-8131
126,3088,-10120
3225,2978,-9002
2630,4620,-11917
16,3859,-10130
0,3859,-10141
69,3870,-10134
1276,3504,-10091
10,3507,-10093
4,3621,-10119
40,4305,-10041
10,4308,-10041
0,4594,-9993
9,3465,-10070
1,3614,-10096
5,3614,-10097
0,3465,-10070
3,3461,-10062
6,3463,-10059
2,3625,-10063
0,3615,-10091
9,3217,-10158
5,3615,-10092
1,3803,-10114
4,3615,-10091
6,3210,-10151
13,3210,-10154
5,3208,-10154
3,3454,-10058
2,3610,-10080
15,3201,-10148
1,4327,-10000
5,3822,-10113
15,3828,-10117
5,3828,-10114
13,3189,-10146
2,3607,-10055
16,3186,-10148
9,4685,-9854
1048,4063,-9851
123,4301,-9587
224,3649,-9939
65,3429,-10077
1,3663,-9941
12,3429,-10076
17,3434,-10076
930,4643,-8803
26,4643,-8784
6,4643,-8777
115,3842,-10099
24,3847,-10098
34,3861,-10075
14,3863,-10072
20,3863,-10046
1,3588,-9645
18,3864,-10032
6,3754,-10012
10,3761,-10011
6,3760,-10010
1,3827,-10015
6,3829,-10010
13,3769,-10011
5,3771,-10010
9,4015,-10321
0,3604,-10122
1,3765,-10002
3,3983,-10371
21,3786,-10015
1,3784,-10005
0,3761,-10014
10,3786,-10002
16,3797,-9989
4,3779,-9932
4,4015,-10321
2,3800,-9989
53,3851,-9909
1,4022,-10272
86,4039,-10164
206,3570,-9581
818,4570,-9528
59,3911,-9592
119,3908,-9771
1,4569,-9460
61,3897,-9746
15,3897,-9737
21,3897,-9725
31,3894,-9711
34,3897,-9704
43,3884,-9654
6,3882,-9647
2,3647,-9808
44,3878,-9615
5,3877,-9611
846,3066,-9633
7,3067,-9637
14,3067,-9637
18,3067,-9637
47,3917,-9639
17,3919,-9631
8,3920,-9631
7,3925,-9631
11,3931,-9631
137,3865,-9360
62,3865,-10274
18,3883,-10253
4,3931,-10287
43,3931,-10231
51,3195,-9931
12,3604,-10006
10,3208,-9913
56,3619,-9961
969,3105,-9410
42,4782,-9591
45,4678,-9665
48,3854,-10208
11,3850,-10175
1,3847,-10205
9,3847,-10208
10,3853,-10181
1,3850,-10155
16,3852,-10164
55,3765,-9684
9,4374,-8878
39,4003,-9368
12,3864,-9989
3,4013,-9374
993,4543,-9969
6,4543,-9969
196,4326,-9686
208,4261,-9598
108,3047,-9952
1469,3331,-9905
825,2798,-9739
306,4105,-10312
4,4114,-10308
14,4096,-10323
1,4114,-10308
1,4106,-10309
1124,4189,-9032
449,2851,-9832
57,2749,-9785
33,4047,-9300
12,2738,-9788
15,2751,-9786
275,2618,-9819
3920,4551,-9466
10,4410,-9631
1411,4003,-8295
22,3990,-8494
92,4483,-8851
1260,4187,-7916
90,3807,-10590
1255,3030,-8183
35,2646,-8183
2902,4454,-11995
3158,4433,-8842
1440,4637,-10419
2565,3719,-10421
13,3719,-10418
152,4389,-10316
0,3850,-9000
54,4009,-10379
102,3579,-10174
19,3543,-10164
2,3538,-10171
1045,4401,-9633
7,4402,-9629
23,4335,-9532
15,4535,-9765
39,4532,-9731
18,4394,-9418
28,4420,-9357
12,4533,-9684
6,4539,-9682
12,4430,-9353
38,4551,-9664
6,4225,-9195
10,4556,-9660
24,4561,-9653
55,4275,-9254
30,4116,-8971
2600,3977,-7834
67,3996,-7968
7,3965,-8008
4480,4650,-9481
1,4647,-9474
17,4703,-9325
1433,3411,-10990
0,3450,-11006
1069,3933,-7711
91,3825,-8050
390,3915,-7995
20,4638,-10237
56,4781,-10338
12,4780,-10335
245,3953,-8411
1029,4170,-8924
26,4169,-8909
2,4152,-8938
15,4153,-8928
3,4160,-8891
9,4150,-8967
4,4160,-8880
1,4144,-8911
17,4156,-8873
4,4141,-8936
0,4141,-8890
15,4140,-8882
11,4133,-8869
5,4132,-8861
6,4134,-8858
19,4127,-8837
46,4093,-8871
9,4085,-8860
25,4075,-8833
6,4078,-8825
48,4057,-8789
8,4079,-8547
6,4081,-8544
126,3953,-8411
17,3954,-8355
107,3865,-8169
620,3846,-10514
2778,3471,-7703
825,4449,-8883
615,3117,-8354
1626,3906,-10307
109,4090,-10216
50,4061,-10247
1502,4211,-10182
0,4214,-10193
2,4224,-10193
1342,4154,-9562
26,4144,-9568
1494,4497,-8999
52,3944,-10260
4,4277,-11443
2774,3849,-9887
65,3974,-10442
1399,3665,-8845
1194,3810,-8262
43,3740,-8444
15,3822,-8196
24,3829,-8164
1369,4527,-9603
10,4522,-9600
274,4433,-9320
15,4440,-9289
21,4440,-9235
20,4469,-9222
7,4437,-9207
3,4457,-9211
25,4434,-9179
498,4450,-10237
637,4250,-10297
10,4243,-10277
3,4255,-10276
27,4612,-10430
43,4450,-10237
28,4219,-10221
24,4215,-10200
95,4142,-10149
13,4140,-10115
80,4104,-10039
557,3914,-9240
5,3911,-9226
435,4799,-9831
25,4887,-10170
68,4873,-10101
51,4103,-10318
37,4789,-9715
9,4784,-9712
80,4754,-9646
138,3811,-9637
22,3796,-9646
33,3784,-9629
53,3769,-9593
1974,4646,-10123
1795,4522,-11270
287,3158,-8996
1396,4512,-9453
7,4515,-9454
5,4521,-9449
10,4531,-9441
5,2760,-8212
5,4536,-9441
20,4548,-9428
60,4552,-9440
270,4643,-9005
2723,3914,-8461
988,4079,-7509
1522,3878,-10216
11,3876,-10224
36,3847,-10222
72,3804,-10192
0,3800,-10184
1580,4318,-10223
56,4478,-9773
580,4215,-9060
22,4166,-9054
38,4215,-9060
22,4166,-9054
65,2923,-9489
708,4119,-8936
6,4122,-8928
918,4507,-7134
298,4692,-6823
5,4693,-6822
1315,4102,-9305
24,4103,-9286
146,4876,-9786
47,4854,-9764
19,4845,-9754
139,4796,-9649
19,4773,-9494
1156,4833,-10209
12,4823,-10204
2,4834,-10216
14,4831,-10199
2709,3154,-8911
29,4781,-11936
54,4781,-11936
115,4766,-11754
5,4766,-11754
1368,4240,-9137
23,4240,-9112
7,4244,-9101
192,2897,-8218
2652,4058,-7473
1348,4695,-9810
310,4633,-10118
49,4288,-10211
1156,4527,-9166
81,4310,-9433
22,3529,-11396
16,4070,-10476
18,4347,-9370
29,4286,-9433
1535,3764,-9830
1326,4150,-10327
4160,3833,-7509
2988,4857,-9953
10,4859,-9955
5,4863,-9946
0,4863,-9949
14,4864,-9938
161,4823,-9880
1,4812,-9883
29,4777,-9886
6,4779,-9877
844,4491,-9021
80,3062,-8156
10,3059,-8156
10,3061,-8156
5,3063,-8156
145,2997,-9008
75,4105,-9635
45,4124,-9586
4525,4429,-10536
2573,4185,-8774
232,4766,-11755
1185,4100,-7252
1448,4168,-9937
57,4571,-8766
262,4105,-9893
978,4262,-8615
2868,4010,-8086
1682,3981,-8639
8,3986,-8642
8,3976,-8638
8,3999,-8636
4,4051,-8691
56,4027,-8604
2392,3901,-8381
206,4017,-7986
1609,4376,-9321
1524,3467,-8701
968,4445,-8752
132,4231,-8611
30,4255,-8602
38,4278,-8582
8,4285,-8576
7,4289,-8574
12,4298,-8562
20,4307,-8513
5,4309,-8511
4,4144,-8574
143,4116,-8506
8,4118,-8501
25,4007,-8450
17,3695,-8585
5,4034,-8306
1,4011,-8439
62,4027,-8386
1900,4245,-7134
5,4245,-7134
2450,3936,-9757
46,4144,-9618
1074,4000,-8687
4,3999,-8675
21,4047,-8613
12,4052,-8608
14,4047,-8613
31,4047,-8613
28,4054,-8550
18,4057,-8539
21,4061,-8524
7,4114,-8491
2,4075,-8517
8,4115,-8490
5,4052,-8645
5,4070,-8497
5,4122,-8471
6,4118,-8466
2,4070,-8491
7,4075,-8481
2,4131,-8456
2,4077,-8608
12,4058,-8615
0,4133,-8440
7,4083,-8470
2,4134,-8436
3,4086,-8464
3,4079,-8470
1,4134,-8436
8,4136,-8425
5,4138,-8418
16,4094,-8444
14,4102,-8434
7,4092,-8530
3,4109,-8428
12,4153,-8380
18,4119,-8408
1541,4078,-8001
1068,3779,-11241
290,3954,-9439
5,3954,-9439
5,3958,-9432
5,3956,-9433
1230,4785,-9749
11,4781,-9743
0,4814,-9725
102,4746,-9708
1350,4228,-9168
209,4761,-9659
8,4754,-9644
54,4743,-9636
0,4750,-9641
7,4746,-9633
57,4743,-9636
1207,3783,-10030
4275,3234,-10870
97,2971,-8347
29,2991,-8356
123,2987,-8342
311,3166,-8138
82,3193,-8103
773,4022,-10287
195,3474,-7656
222,3522,-7569
2426,4144,-10331
284,4161,-10059
4402,4610,-9437
2626,3634,-10141
4,4788,-9476
15,4025,-8763
3,4001,-8804
4,3929,-8799
36,4009,-8768
5370,2788,-8053
6,2789,-8053
3017,3288,-10499
111,3282,-10475
1351,3795,-9008
1513,3882,-10235
10,3879,-10196
7,3882,-10228
28,4192,-7904
65,4109,-7994
35,3206,-10271
146,3572,-10206
6,3569,-10198
5506,4303,-9299
51,4290,-9288
10,4295,-9258
1331,4117,-11198
189,3782,-11244
17193,3944,-9704
2488,3703,-9519
17,3704,-9518
8,3704,-9518
126,3715,-9699
42,3731,-9670
7,3732,-9670
62,3876,-9755
0,3876,-9743
3,3892,-9737
0,3883,-9737
3,3954,-9712
14,3932,-9720
7,3932,-9712
11,3939,-9698
54,3783,-9544
270,4142,-9107
8,4161,-9087
2363,3532,-7786
5977,4165,-8630
2451,4572,-12394
7,4572,-12393
40,4547,-12397
56506,3921,-9683
7215,4032,-9894
3,4036,-9890
23,4009,-9847
30,4029,-9813
1182,4232,-9343
5,4240,-9338
176,4258,-9279
0,4241,-9270
5,4236,-9279
11,4259,-9273
18,4152,-9258
6,3108,-9201
0,4158,-9250
5,4159,-9251
1132,3445,-8659
261,3184,-9274
0,3198,-9217
16,3244,-8976
1,3249,-8966
2,3240,-8971
9,3249,-8966
99,3297,-8885
2,3329,-8876
4,3300,-8878
19,3370,-8876
50,3454,-8790
10,3458,-8781
0,3346,-8815
14,3400,-8788
1,3461,-8775
34,3425,-8754
0,3377,-8770
2,3419,-8747
14,3340,-8847
8,3347,-8837
26,3408,-8719
12,3536,-8623
8,3542,-8615
10,3545,-8606
6,3476,-8646
10,3486,-8646
40,3415,-8716
43,3526,-8549
19,3445,-8659
18,3383,-8816
7,3383,-8816
13,3470,-8576
2,3393,-8792
1,3470,-8577
7,3472,-8569
10,3540,-8464
0,3399,-8779
0,3407,-8771
5,3397,-8784
1,3476,-8565
31,3494,-8508
13,3474,-8569
18,3511,-8473
222,3242,-8767
215,2990,-9014
113,3041,-8668
62,3039,-8642
12,3365,-8516
43,3271,-8556
7,3378,-8454
2,3379,-8449
9,3384,-8441
179,3475,-8222
6955,3027,-9089
11734,3050,-8933
5816,3533,-8909
159,3422,-9232
139,3479,-8995
15,3461,-8974
20,3465,-8946
12,3478,-8948
51,3488,-8866
10731,3763,-10013
51,3752,-9953
20,3757,-9929
6,3840,-9938
1689,3695,-8843
9776,3057,-9353
24,3050,-9323
60,3062,-9247
1,3103,-9237
13,3095,-9219
3,3105,-9212
4,3113,-9206
71,3167,-9094
12,3183,-9082
7,3169,-9059
24,3096,-9045
10,3109,-9032
5,3112,-9023
2,3188,-8998
6,3194,-8985
13,3173,-8963
22,3186,-8933
1,3059,-8990
8,3112,-8946
36,3226,-8881
56,3203,-8587
191,3111,-8551
5,3113,-8544
6,3118,-8537
26,3128,-8501
2,3100,-8494
4,3126,-8490
16,3137,-8472
3,3092,-8458
4,3118,-8457
6,3124,-8445
3,3148,-8451
18,3141,-8416
24,3164,-8401
2,3167,-8400
5936,3027,-8305
5851,3863,-12148
3332,3073,-9758
3255,3092,-9611
166,3185,-9737
26,3105,-9924
103,3275,-9698
648,2993,-9556
64,3009,-9545
5,3013,-9543
4270,3187,-8966
10,3193,-8960
13,3200,-8959
585,3347,-8630
2017,3119,-8948
12,3126,-8935
3,3129,-8932
5,3134,-8925
10,3138,-8915
69,3189,-8825
15,3200,-8811
26,3210,-8778
120,3253,-8622
0,3247,-8617
53,3247,-8546
1,3253,-8548
6,3179,-8613
1,3256,-8536
12,3247,-8522
12,3254,-8510
0,3179,-8582
10,3179,-8566
11,3265,-8487
16,3265,-8487
20,3283,-8443
4,3283,-8441
4,3260,-8438
5,3272,-8426
14,3294,-8426
21,3297,-8388
17,3307,-8378
0,3261,-8363
6,3259,-8362
3,3249,-8369
26,3246,-8324
4,3252,-8310
29,3304,-8309
0,3304,-8325
10,3269,-8263
20,3272,-8272
9,3286,-8229
14,3296,-8218
17,3306,-8197
2,3282,-8176
8,3193,-8209
2,3278,-8161
6,3279,-8159
53,3272,-8272
1,3332,-8131
8,3340,-8120
5,3338,-8108
5,3339,-8104
10,3345,-8095
58,3254,-9424
1,3278,-9441
31,3283,-9414
22,3289,-9364
43,3289,-9332
1,3167,-9305
64,3156,-9275
4,3313,-9277
34,3315,-9249
13,3163,-9244
38,3169,-9213
16,3324,-9182
3,3285,-9218
16,3282,-9179
100,3249,-8859
112,3304,-8734
80,3090,-8398
22,3100,-8370
11,3100,-8358
16,3108,-8337
0,3109,-8338
5,3111,-8329
8,3116,-8321
27,3201,-8167
155,3091,-8342
420,3134,-8525
6,3213,-8596
33,3157,-8486
5,3161,-8480
2,3253,-8556
3,3166,-8475
3,2982,-8493
8,3263,-8542
20,3154,-8417
5,3154,-8417
17,3165,-8390
18,3177,-8366
9,3189,-8349
6,3194,-8341
131,3087,-8183
3,3096,-8172
430,2686,-8014
6,2688,-8009
120,2582,-8031
21991,3628,-8757
69,3028,-9058
20,3039,-9038
6,2995,-9019
9,3010,-9096
14,3010,-9100
11,3007,-8993
30,3063,-9089
107,3227,-8605
101,3131,-8646
13,3261,-8491
31,3244,-8952
8,3242,-8946
68,3215,-8912
9,3214,-8906
128,3693,-8790
80,3005,-8207
37,2996,-8153
1754,3234,-8156
5,3233,-8150
5,3229,-8142
7479,2932,-9609
20,2932,-9609
13,2947,-9583
2,2904,-9588
5,2904,-9588
1,2955,-9569
6,2954,-9570
7,2962,-9556
5,2962,-9556
1,2905,-9570
5,2905,-9570
0,2960,-9557
8031,2953,-9851
6,2950,-9837
18,2967,-9826
85,3056,-9738
7990,4127,-7584
0,4133,-7579
31,3856,-7698
9,4000,-7659
243,4243,-7280
2,4252,-7268
4175,4175,-9036
17,4113,-8973
18,4126,-8918
11,4132,-8895
3,4189,-8976
1,4135,-8884
6,4135,-8884
9,4137,-8868
6,4133,-8869
1,4195,-8931
6,4139,-8846
13,4092,-8937
8,4092,-8929
13,4098,-8913
9,4098,-8904
44,3743,-9089
23,3519,-9173
6,3524,-9167
7,3763,-9049
38,4184,-8624
1,3775,-8996
3,4195,-8617
2,3772,-8994
7,3774,-8987
5,4188,-8595
7,3782,-8967
0,3782,-8970
11,3789,-8950
8,4192,-8549
4,3784,-8934
2,4189,-8976
1,3792,-8924
9,3797,-8907
12,3797,-8902
27,3988,-9066
13,4143,-8925
0,3810,-8834
8,3815,-8806
0,3813,-8812
9,3842,-8700
12,3820,-8782
10,3768,-8935
10,3650,-8857
1,3647,-8869
1,3765,-9496
4,3774,-8906
2,3763,-9482
20,3842,-8700
27,3674,-8785
60,3768,-9310
5,3718,-8688
21,3765,-9273
32,3542,-9338
3,3932,-8353
9,3929,-8341
53,3546,-9224
5,3903,-8423
35,3545,-9147
7,3565,-9126
40,3867,-8707
5,3865,-8704
3,3768,-8935
2,3865,-8703
27,3869,-8634
1,3869,-8633
2,3683,-8955
1,3868,-8628
19,3847,-8595
5,3863,-8578
18,3718,-8688
2,3654,-8862
11,3854,-8521
27,3907,-8438
36,3910,-8367
18,3665,-8685
3,3596,-8688
11,3601,-8663
5,3915,-8302
8,3690,-8626
11,3886,-8180
3,3609,-8620
13,3611,-8598
11,3615,-8575
5,3904,-8219
3,3756,-8338
24,3615,-8524
413,3477,-8482
753,3860,-8717
4795,2890,-9614
1689,4358,-9382
73,4013,-9526
13,4228,-9413
0,4031,-9507
5,3906,-9651
0,4034,-9491
1,3915,-9642
1,3929,-9631
1,4376,-9333
1,4543,-9369
3,4228,-9413
4,3900,-9640
0,3921,-9619
12,3907,-9618
2,3919,-9607
13,3911,-9592
4,4013,-9526
5,3933,-9472
5,3945,-9457
0,3953,-9440
3,4031,-9507
0,4028,-9380
5,4034,-9491
3,4033,-9380
5,3954,-9433
14,3889,-9453
8,3767,-9681
15,3901,-9413
2,4126,-9346
0,3933,-9472
5,3945,-9457
0,3953,-9440
3,4132,-9314
0,4028,-9380
8,3849,-9524
0,4033,-9380
2,4139,-9310
0,3936,-9350
3,3954,-9433
2,4146,-9299
12,3889,-9453
23,4069,-9312
0,3901,-9413
10,4071,-9285
2,3975,-9256
8,3936,-9350
6,4386,-9112
46,3975,-9256
8,3956,-9221
5,3567,-9471
2,4229,-9083
2,3971,-9210
8,4128,-9126
4,3797,-9350
2,3829,-9204
0,3969,-9208
2,4141,-9107
8,4145,-9087
5,4175,-9099
1,4160,-9080
11,4162,-9058
0,4177,-9061
3,3796,-9299
4,3825,-9272
3,4176,-9038
21,3586,-9391
16,3872,-9152
10,3875,-9133
6,3796,-9299
5,3592,-9339
12,3908,-8979
1,3881,-9086
1,4026,-8986
8,4036,-8971
9,4038,-8954
5,4138,-8921
15,3829,-9072
10,3822,-9057
38,3922,-8935
3855,3686,-9052
13,3671,-9082
5,3674,-9330
11,3671,-9375
2,3686,-9019
40,3677,-9387
16,3675,-9385
8,3668,-9312
94,3656,-8919
9,3647,-8905
35,3661,-8832
30,3589,-8842
37,3540,-8670
23,3529,-8628
2392,3009,-9421
3400,2613,-8028
11256,3397,-8365
0,3406,-8349
4152,4567,-12255
196,3247,-9445
94,3186,-9387
30,3203,-9369
25,3171,-9322
20,3493,-9225
29,3213,-9275
5,3217,-9269
29,2975,-9495
1090,3944,-9168
1131,3902,-8406
354,3477,-9663
1122,3496,-8874
27,3694,-8774
128,3563,-8872
24,3554,-8839
6,3714,-8570
25,3554,-8816
43,3554,-8768
1213,3361,-10121
4,3370,-10116
8,3370,-10116
38,3343,-10098
1,3389,-10106
83,3270,-10036
10,3363,-10051
2,3244,-9994
44,3271,-9980
7,3274,-9980
14,3489,-10027
13,3290,-9975
63,3345,-9943
8,3163,-10181
4,3167,-10173
87,3213,-10073
316,3292,-9738
2,3285,-9734
21,3304,-9703
187,3253,-9480
293,2970,-9549
172,3027,-9513
92,2966,-9515
5,2966,-9503
13,3067,-9442
12,3067,-9437
5,3068,-9441
5,2977,-9484
37,3083,-9397
22,3095,-9385
123,2970,-9549
41,3547,-9301
53,3079,-9268
169,3774,-9144
23,3118,-9129
369,3115,-8959
365,3047,-8887
53,4785,-12200
1683,3668,-7656
24,3672,-7634
19,3622,-7693
1,3676,-7620
17,3622,-7677
1596,3168,-9948
687,2993,-9903
24,2993,-9903
63,3016,-9202
45,3028,-9185
156,3082,-9543
88,3108,-9252
3,3127,-9433
16,3129,-9246
22,3142,-9241
19,3158,-9225
6,3163,-9225
8,3131,-9358
45,3151,-9225
2,3178,-9251
23,3207,-9193
1,3175,-9216
1,3172,-9284
3,3174,-9204
6,3178,-9201
3,3215,-9187
17,3224,-9185
8,3229,-9177
13,3209,-9169
16,3213,-9170
16,3219,-9149
436,3157,-9065
186,3044,-9021
11,3054,-9011
344,3357,-8511
38,3354,-8476
6,3244,-8496
28,3203,-8481
6,3207,-8470
0,3214,-8461
2,3270,-8453
0,3449,-8393
8,3274,-8443
4,3325,-8427
5,3326,-8429
1,3279,-8436
8,3286,-8425
2,3222,-8426
3,3332,-8409
4,3224,-8431
13,3299,-8390
2,3289,-8334
8,3302,-8385
24,3315,-8360
2,3265,-8366
14,3267,-8353
7,3286,-8337
6,3269,-8335
1,3172,-8390
6,3289,-8323
5,3329,-8312
7,3277,-8308
8,3292,-8300
20,3304,-8275
4,3265,-8304
17,3307,-8246
12,3461,-8148
39,3353,-8173
6,3379,-8162
29,3286,-8119
35,3361,-8073
1590,3674,-9440
7,3674,-9440
61,3654,-9398
98,3635,-9299
735,3176,-8518
61,3176,-8516
19,3372,-8388
0,3372,-8387
15,3190,-8480
20,3198,-8461
35,3385,-8177
16,3385,-8161
5,3201,-8443
15,3206,-8395
11,3401,-8128
59,3228,-8329
5,3771,-8915
0,3229,-8325
28,3233,-8299
69,3540,-8651
33,3718,-8567
20,3352,-8541
14,3838,-8514
5,3557,-8575
8,3864,-8698
4,3715,-8571
5,3718,-8567
35,3986,-8395
7,3994,-8391
161,3301,-8547
760,2651,-8195
132,3829,-7795
28,3868,-7786
9,3877,-7772
2,3663,-7620
26,3899,-7740
5,3884,-7702
4811,4051,-9676
218,4498,-8974
23,4498,-8974
1097,3225,-9510
25,3228,-9500
3,4280,-8534
4067,3407,-9914
155,4402,-12129
1445,3445,-10254
22,3454,-10246
15,3452,-10240
14,3454,-10237
51,3461,-10231
17,3454,-10242
201,3429,-10188
1053,4068,-9602
100,3845,-9926
12,3847,-9921
15,3826,-9955
20,3918,-9787
0,4057,-9536
2,4049,-9544
83,4215,-9123
1313,3636,-9892
26,3632,-9892
33,3628,-9894
2433,3333,-9080
1899,4201,-9497
6,4205,-9489
1374,4188,-7933
1468,3354,-9717
1170,3456,-8839
26,3451,-8821
13,3452,-8814
14,3450,-8804
115,3424,-8708
0,3479,-8615
4630,3509,-9638
45,3640,-9537
18,3644,-9512
92,3644,-9377
6,3650,-9359
1061,3661,-8893
199,3261,-8946
582,3224,-8600
60,3224,-8600
71,3182,-8593
60,3182,-8593
69,3263,-8447
224,3192,-8551
102,3187,-8546
1,3789,-10146
29,3936,-10199
1336,3872,-8786
356,3517,-9458
12,3840,-8559
931,3176,-9315
52,3621,-9308
15,3886,-9052
31,3908,-9015
3,3251,-9587
13,3545,-9477
2,3975,-9001
38,3568,-9444
34,3221,-9604
41,3247,-9587
92,3257,-9546
3,3265,-9545
289,3515,-9170
20,3522,-9135
70,3585,-9007
1,3610,-9010
7,3449,-9184
37,3676,-8958
15,3199,-9259
73,3094,-9223
24,3263,-9181
6,3263,-9181
55,3354,-9177
5,3354,-9177
24,3150,-9142
60,3232,-9093
6,3056,-9155
4,3169,-9090
7,3194,-9097
24,3066,-9115
6,3185,-9045
2,3213,-9063
7,3215,-9057
4,3234,-9066
8,3231,-9047
1,3208,-9032
0,3240,-9059
5,3234,-9041
18,3254,-9031
0,3554,-8963
5,3261,-9037
15,3275,-9014
20,3309,-8985
12,3309,-8985
0,3318,-8999
1,3112,-9014
3,3242,-8940
0,3315,-8977
9,3326,-8977
7,3329,-8975
13,3342,-8959
2,3350,-8960
3,3269,-8910
2,3371,-8945
1,3353,-8953
7,3374,-8944
71,3350,-8833
6,3353,-8831
149,3424,-8687
1152,3425,-8422
247,4090,-8006
25,4109,-7973
13,4119,-7955
17,4133,-7925
1,4141,-7936
41,4160,-7872
156,4094,-7748
1366,2674,-8061
1424,3202,-9440
77,3132,-9471
1134,3138,-8294
39,3159,-8270
16,3169,-8262
210,3208,-8115
5,3209,-8115
110,3279,-8078
31,3299,-8065
9,3304,-8058
36,3329,-8044
11,3375,-8439
0,3365,-8442
24,3425,-8008
4,3378,-8425
47,3454,-8000
285,3649,-7975
52,3711,-7962
77,3636,-7856
48,3719,-7764
4,3685,-7816
27,3747,-7779
11,3700,-7777
18,3719,-7764
8,3833,-7790
23,3610,-7675
3,3619,-7670
19,3632,-7614
17,3835,-7702
684,3681,-7701
12,3693,-7692
2684,3453,-11726
1658,3603,-10415
1078,3501,-10570
40,3365,-10565
1,3501,-10567
4,3400,-10564
180,3615,-10457
120,3457,-10320
46,3386,-10270
59,3407,-10254
47,3349,-10286
355,3506,-10112
34,3520,-10090
570,3678,-10422
59,3722,-10400
24,4086,-9162
5,4085,-9162
38,3415,-10030
194,4092,-8927
74,3424,-9897
24,3432,-9867
12,3433,-9860
137,2941,-10078
97,3690,-9441
810,3632,-9579
22,3640,-9566
46,3597,-9704
118,3654,-9591
29,3253,-9527
29,3254,-9501
14,3257,-9490
40,3202,-9469
72,3272,-9397
16,3279,-9389
2,3182,-9450
453,3057,-9357
295,3016,-9115
0,3042,-9105
132,2984,-9013
322,3045,-9022
4452,4317,-9191
1198,3668,-10071
19,3635,-10114
5,3635,-10114
90,3515,-10065
5,4067,-9742
9,3522,-10049
23,3531,-10038
5,3536,-10034
14,4536,-9171
10,4538,-9165
0,3502,-10005
4,3735,-9997
1,3502,-10001
0,3494,-10018
5,3740,-9996
16,3504,-9991
4,4541,-9152
3,3561,-9992
5,3515,-9981
8,3521,-9975
1,3757,-9966
4,4077,-10201
9,3572,-9968
2,3525,-9957
13,4539,-9104
0,4545,-9110
6,3582,-9947
29,3536,-9942
24,3820,-9902
12,3827,-9898
1,4550,-8932
16,3842,-9889
11,3853,-9879
9,3865,-9876
1042,4302,-9597
32,4324,-9595
66,4201,-9700
24,4410,-9407
4,4115,-9193
0,4137,-9160
4,4118,-9198
9,4416,-9218
35,4135,-9105
21,4410,-9120
71,4137,-9160
59,4413,-9225
9,4170,-9072
16,4129,-9046
44,4152,-8991
36,4114,-9005
0,4115,-9008
61,4233,-8882
941,3467,-9958
88,3770,-10391
16,3529,-9889
14,3404,-9929
3,3815,-9874
24,3622,-9897
3,3835,-9882
3,3825,-9874
5,3822,-9915
0,3634,-9892
7,3720,-9853
9,3651,-9888
1,4823,-11428
13,3702,-9854
15,3839,-9885
26,3838,-9883
42,3879,-9767
93,3201,-9896
14,3198,-9892
12,3197,-9891
76,3479,-9607
13,3485,-9587
1,3526,-9589
12,3535,-9570
13,3547,-9549
9,3581,-9559
1,3558,-9532
3,3574,-9540
2,3586,-9550
1,3561,-9525
11,3594,-9530
0,3590,-9524
9,3603,-9516
66,3633,-9426
18,3651,-9420
39,3660,-9360
26,3664,-9326
18,3676,-9305
6,3717,-9316
6,3692,-9306
15,3747,-9292
45,3727,-9231
12,3653,-9154
63,3892,-9168
8,3890,-9145
632,3676,-9456
15,3686,-9437
12,3821,-8649
1,3197,-9999
19,3706,-9390
11,3729,-9861
4,3722,-9384
4,3735,-9859
4,3731,-9366
5,3753,-9863
0,3756,-9888
2,3736,-9367
7,3747,-9850
0,3743,-9359
3,3754,-9842
2,3756,-9888
29,3747,-9828
17,3768,-9811
22,3775,-9794
5,3774,-9783
25,3356,-9846
79,3429,-9722
3,3170,-9932
5,3167,-9918
1,3159,-9930
18,3840,-9658
13,3847,-9656
8,3858,-9646
29,3865,-9627
54,3426,-9670
12,3436,-9664
328,3653,-9154
898,3879,-8543
24,4068,-8711
1,4065,-8709
12,4017,-8661
43,4031,-8639
15,4039,-8632
1150,2972,-9585
1120,2922,-9548
130,2923,-9490
1381,3163,-8489
18,3170,-8471
72,3198,-8413
28,3187,-8375
5,3185,-8372
116,3492,-7906
10,4169,-9000
45,3500,-7864
32,3504,-7844
7,3504,-7837
11,3952,-8905
24,3198,-8100
7,3203,-8091
15,3572,-7612
114,3170,-8173
55,4081,-9016
709,2970,-8122
50,3483,-8494
63,3458,-8492
29,3472,-8461
27,3488,-8429
53,3628,-8612
89,3251,-8298
36,3399,-8188
27,3415,-8162
1,3419,-8153
5,3420,-8152
63,3608,-8059
2,3481,-8064
29,3117,-8336
4,3626,-8044
183,3956,-8399
5,3856,-8267
10,3856,-8267
16,3968,-8397
1,3958,-8366
40,3983,-8402
8,3986,-8405
1,3990,-8405
0,4000,-8405
53,4010,-8417
60,3220,-8239
956,4047,-10327
150,3969,-10217
1265,4165,-10816
220,3990,-10354
0,3977,-10356
32,4033,-8763
23,3993,-10296
0,3986,-10303
90,3958,-10229
230,3940,-10051
10,3943,-10044
60,3904,-10047
68,3894,-10012
765,3819,-9278
12,3760,-9274
5,3754,-9281
14,3764,-9249
12,3759,-9232
4,3765,-9226
117,4132,-9205
176,3683,-9048
8,3561,-9649
111,3440,-9705
53,3425,-9768
43,3561,-9436
1020,3258,-9484
14,3238,-9463
163,3197,-9288
17,3191,-9274
2549,2943,-9022
66,2956,-9024
18,2936,-9030
39,2926,-9018
20,3917,-7798
1309,3801,-9655
86,4164,-7384
105,4164,-7384
15,4164,-7384
4031,3933,-10174
3009,3972,-10444
153,2603,-8031
18,3575,-7734
1125,2975,-8130
1419,4806,-9754
0,4807,-9769
10,4762,-9750
1,4786,-9754
0,4785,-9718
5,4759,-9746
8,4752,-9736
4,4792,-9743
1,4757,-9742
0,4782,-9736
5,4769,-9734
2,4762,-9746
2,4755,-9734
361,3995,-10334
2677,4135,-8761
124,4891,-9856
18,4881,-9837
18,4881,-9821
23,4826,-9974
10,4816,-9956
16,4814,-9932
53,4811,-9877
2,4776,-9876
63,4727,-9824
278,4718,-9469
2995,4126,-10464
771,4216,-10465
44,4126,-10464
10,4097,-10430
7,4100,-10431
3,4103,-10431
5,4110,-10434
5,4103,-10413
11,4233,-10410
3,4119,-10405
11,4247,-10388
7,4371,-10664
8,4442,-10891
6,4136,-10389
9,4133,-10389
1,4148,-10384
4,4138,-10389
2,4137,-10373
3,4414,-10842
1,4365,-8820
2,4135,-10389
3,4445,-10851
8,4145,-10366
7,4293,-10639
2,4158,-10370
27,4163,-10363
10,4181,-10329
30,4255,-10567
30,4198,-10287
7,4191,-10287
8,4208,-10267
10,4213,-10262
20,4320,-10203
1060,4314,-9925
36,4480,-9884
10,4483,-9877
6,4486,-9875
21,4358,-9880
14,4373,-9873
55,4311,-9843
3,4544,-9810
8,4376,-9829
32,4547,-9580
15,4556,-9579
55,4560,-9737
25,4585,-9695
5,4589,-9692
2,4557,-9648
3,4560,-9633
1037,4487,-8875
3,4487,-8873
55,4371,-8893
32,4433,-8839
13,4425,-8839
1,4455,-8868
2,4443,-8858
10,4459,-8847
8,4463,-8827
3,4430,-8798
2933,4214,-9775
45,4210,-9725
18,4187,-9742
3,4182,-9735
132,4110,-9596
35,4084,-9665
59,4033,-9671
82,3986,-9647
17,3036,-8856
1355,3904,-9401
1272,3116,-10187
8,3116,-10187
47,3126,-10139
5,3148,-10146
1051,4051,-7613
72,3903,-7702
124,4130,-7952
23,3881,-7559
960,2966,-8486
1265,3043,-8658
130,3044,-8899
8,3046,-8898
586,4634,-9654
15,4629,-9630
31,3123,-8631
1037,3347,-8692
18,3353,-8688
117,3318,-8697
228,3485,-8959
1165,4010,-8015
26,4011,-8016
136,3753,-8574
10,3989,-7973
8,3965,-7984
10,3761,-8544
102,3949,-7993
11,3926,-8050
683,4019,-7425
6,4017,-7418
2038,3740,-10225
103,3689,-10224
25,3676,-10238
1427,3888,-9759
2724,4076,-9543
13,4075,-9564
15,4146,-9434
2,4143,-9413
7,4071,-9523
4,4482,-9249
3,4148,-9426
3,4482,-9246
3,4058,-9504
10,4483,-9232
9,4577,-9241
15,4059,-9482
55,4133,-9326
21,4120,-9367
1,4400,-9212
16,4400,-9212
4,4223,-9144
0,4215,-9152
10,4271,-8962
0,4047,-9378
14,4400,-9231
2,4044,-9357
9,4230,-9101
3,4243,-9112
3,4214,-9200
34,4198,-9096
14,4221,-8895
9,4223,-8883
15,4028,-9473
15,4022,-9458
1268,4274,-9723
9,4271,-9705
1239,4302,-7416
56,4310,-7563
43,4303,-7520
183,4243,-8609
1074,4385,-7061
5,4386,-7056
132,4405,-7081
8,4406,-7081
79,4403,-7080
5,4406,-7072
9,4407,-7068
12,4416,-7059
2213,3583,-9070
602,3472,-10321
50,3611,-8928
2978,3586,-8855
17,3929,-7784
103,3615,-8768
1172,3543,-10636
1200,2598,-9736
390,2840,-8134
30,2838,-8128
0,2834,-8134
3055,4412,-9425
10,4418,-9422
427,4090,-8976
248,3599,-7570
307,4083,-8019
165,4090,-8976
71,4061,-8639
5,4064,-8628
2,4088,-8595
5,4061,-8634
8,4085,-8589
7,4071,-8474
15,4063,-8613
10,4079,-8563
15,4084,-8563
1276,4879,-9916
19,4170,-9197
4,4826,-9760
6,4108,-7956
3,4877,-9879
3,4817,-9758
1,4176,-9196
33,4780,-9761
5,4847,-9815
5,4847,-9815
7,4774,-9753
3,4843,-9803
5,4813,-9721
5,4764,-9729
12,4811,-9705
10,4752,-9725
7,4750,-9718
21,4738,-9698
55,4722,-9651
348,4525,-9310
1082,4449,-8943
2905,3245,-11121
979,3028,-9346
134,3073,-9500
4614,4476,-10348
848,3442,-7756
397,4398,-9232
8,4332,-9245
20,4313,-9198
41,4302,-9118
1043,4272,-7876
17,4265,-7856
44,4234,-7802
1625,4794,-9462
109,4681,-9658
10,4155,-9162
0,4049,-9164
12,3990,-10145
83,4188,-9016
91,4715,-10107
1258,3931,-8251
52,4035,-7639
1789,3897,-7631
868,4092,-7667
1793,4354,-9858
1276,4180,-9056
1112,3041,-8140
3202,3181,-11020
62,4858,-10413
7088,4493,-8538
115,3340,-11207
1125,4317,-7411
185,3986,-7816
1545,3728,-9688
187,4570,-6867
43,4590,-6837
168,3613,-9592
12,3608,-9575
5,3647,-9568
36,3645,-9543
2069,3834,-7561
282,4043,-10175
5681,2456,-8173
65,3882,-7773
1264,4065,-7727
238,3978,-10315
17,3976,-10304
3,3975,-10322
0,3970,-10315
15,3968,-10313
1515,3532,-10171
2830,4133,-10331
13,4132,-10318
1257,4411,-9433
32,4428,-9417
6,4426,-9419
15,4424,-9419
22,4442,-9419
7,4445,-9420
35,4456,-9424
9,4457,-9430
7,4458,-9435
32,4454,-9359
16,4227,-8973
1,4234,-9032
6,4232,-8971
10,4229,-8969
8,4472,-9347
19,4485,-9431
3,4488,-9405
1328,4132,-8064
18,4440,-8397
35,4341,-8311
7,4342,-8309
6,4343,-8305
1278,2773,-8068
166,4365,-9584
11,4363,-9582
10,4351,-9569
20,4334,-9568
74,4285,-9549
1339,4194,-9968
8,4189,-9961
14,4188,-9959
11,4177,-9958
47,4171,-9947
3983,3976,-8029
32,4279,-7573
30,4286,-7543
4198,2931,-9477
59,2897,-9549
8,2903,-9556
0,2874,-9591
15,2883,-9596
2,2931,-9477
27,2843,-9667
0,2877,-9563
115,2914,-9550
136,2915,-9555
79,2922,-9535
93,2917,-9539
11,2930,-9531
62,2932,-9536
20,2944,-9545
0,2949,-9553
10,2949,-9553
70,2969,-9576
6,2935,-9624
11,2970,-9578
3,2944,-9536
120,2995,-9523
27,2978,-9584
23,2979,-9584
144,2995,-9523
21,3048,-9632
260,2997,-9343
150,3040,-9444
35,3103,-9327
22,2991,-9569
16,2995,-9573
12,4306,-10330
3,2991,-9569
60,2955,-9609
7,2954,-9609
165,2957,-9566
6,2748,-8255
2,2961,-9557
217,2955,-9511
102,2953,-9606
40,2937,-9499
103,2952,-9500
10,2966,-9509
360,2972,-9541
72,2974,-9533
46,2939,-9586
107,3002,-9203
15,2992,-9178
0,3001,-9203
995,3023,-9248
5,3025,-9250
520,2992,-9416
1525,2996,-9241
34,3016,-9218
6,3025,-9257
440,3040,-8891
80,3037,-8855
464,3116,-8954
3,3073,-8936
84,3036,-8877
9,3135,-8926
55,3157,-8975
1402,3495,-8930
78,3428,-8873
8,3443,-8851
16,3450,-8851
4,3460,-8857
93,3528,-8830
24,3338,-8803
11,3349,-8798
7,3359,-8798
14,3369,-8788
7,3554,-8773
5,3378,-8784
6,3527,-8803
41,3554,-8722
9,3554,-8722
97,3302,-8726
14,3302,-8726
17,3310,-8717
14,3320,-8713
76,3415,-8661
143,3622,-8685
7,3622,-8685
19,3615,-8671
1063,4795,-9840
8,4794,-9835
98,4751,-9800
3036,4082,-8270
1431,4079,-8287
6955,2615,-8012
42,2544,-8039
820,2755,-8181
120,2803,-8058
160,2990,-8131
20,2608,-8016
350,2996,-8131
2,2995,-8131
28,2965,-8120
295,2972,-8123
70,3069,-8143
5,3069,-8143
738,3289,-8004
177,3267,-8001
34,3272,-7991
42,3319,-8119
12,3279,-7984
3729,2715,-8090
2082,4401,-9725
5523,4459,-12270
94,4666,-9817
185,4467,-9857
4,4748,-9653
7,4474,-9852
58,4483,-9780
31,4509,-9763
15509,3511,-10716
1558,3936,-10016
37,3936,-9977
27,3949,-9952
1436,3857,-10113
12,3860,-10091
0,3854,-10100
5,3860,-10091
7,3869,-10084
26,3883,-10056
15,3893,-10040
26,3907,-10023
198,4160,-9792
5383,3965,-10411
91,3836,-9836
54,3867,-9783
136,3946,-9661
952,3025,-8769
181,4308,-8938
95,3028,-8759
21,3214,-8659
36,3240,-8665
34,3922,-8511
15,3274,-8677
27,3290,-8683
1101,3429,-8204
7,3439,-8204
0,3515,-8170
5,3422,-8191
6,3422,-8191
10,3476,-8276
9,3454,-8194
6,3476,-8275
1,3461,-8191
2,3540,-8162
0,3486,-8274
3,3468,-8189
3,3542,-8161
0,3451,-8198
0,3474,-8269
15,3556,-8156
0,3554,-8156
0,3477,-8184
10,3481,-8184
9,3568,-8153
0,3472,-8175
3,3517,-8224
3,3521,-8224
5,3574,-8152
10,3585,-8148
5,3585,-8148
45,3620,-8143
5,3624,-8144
7,3626,-8144
5708,4572,-12264
34,4526,-12277
2827,4036,-9198
99,4022,-9108
7833,2948,-9507
2167,3461,-9872
18,3447,-9895
42,3461,-9872
64,3490,-9829
88,3518,-9750
75,3522,-9668
858,3037,-8855
169,3033,-8768
689,3457,-8711
686,3478,-8208
7,3488,-8203
11,3494,-8196
24,3511,-8172
61,3572,-8142
6,3581,-8134
2,3583,-8134
26,3614,-8116
42,3668,-8102
40,3718,-8061
234,3385,-7889
78,3406,-7834
195,3763,-7695
735,2614,-8045
5645,2574,-8034
262,2655,-8011
36,2669,-8006
5,2671,-8006
11297,4042,-8515
10,4040,-8501
7,4039,-8524
0,4034,-8490
21,4051,-8480
0,4139,-8288
5,4139,-8288
15,4135,-8270
2,4054,-8457
134,4119,-8298
8,4110,-8269
2,4072,-8279
4,4119,-8264
2,4109,-8251
11,4120,-8243
2,4103,-8232
2,4079,-8226
10,4079,-8226
17,4079,-8193
13,4208,-8014
11,3993,-8362
6,3874,-8822
22,4208,-8014
10,4153,-8056
24,4068,-8059
226,3858,-8623
12,3860,-8610
16870,4356,-11185
1249,3800,-8924
83,3721,-8873
60,3790,-8711
24,3734,-8724
10,3734,-8724
8,3740,-8688
12,3793,-8629
0,3740,-8688
4,3689,-8720
53,3632,-8689
18,3607,-8657
5,3607,-8657
8,3742,-8535
1,3459,-8774
3,3640,-8626
14,3461,-8746
353,4040,-7973
5309,2642,-8153
17373,4036,-9161
65,3804,-9248
21638,3174,-9520
5,3176,-9517
5,3176,-9515
25,3189,-9494
331,3234,-9268
39,3027,-9391
19,3036,-9366
20,3045,-9344
259,3129,-9016
241,3317,-8543
95,3302,-8459
