snow_height,CHEB,CmpRatio,0.00000,0.05000,600.00000,0.1079642036
snow_height,CHEB,SegRatio,0.00000,0.05000,600.00000,0.0767173283
snow_height,CHEB,RMSE,0.00000,0.05000,600.00000,0.0054278618
snow_height,CHEB,Time,0.00000,0.05000,600.00000,0.0000203130
snow_height,APCA,CmpRatio,0.00000,0.05000,600.00000,0.0159984002
snow_height,APCA,SegRatio,0.00000,0.05000,600.00000,0.0079992001
snow_height,APCA,RMSE,0.00000,0.05000,600.00000,0.0219641397
snow_height,APCA,Time,0.00000,0.05000,600.00000,0.0000000288
snow_height,PCA,CmpRatio,0.00000,0.05000,600.00000,0.1443293171
snow_height,PCA,SegRatio,0.00000,0.05000,600.00000,0.1154634537
snow_height,PCA,RMSE,0.00000,0.05000,600.00000,0.0078098701
snow_height,PCA,Time,0.00000,0.05000,600.00000,0.0000000558
snow_height,SF,CmpRatio,0.00000,0.05000,600.00000,0.0237351265
snow_height,SF,SegRatio,0.00000,0.05000,600.00000,0.0057244276
snow_height,SF,RMSE,0.00000,0.05000,600.00000,0.0193227493
snow_height,SF,Time,0.00000,0.05000,600.00000,0.0000264556
snow_height,PWLH,CmpRatio,0.00000,0.05000,600.00000,0.0234976502
snow_height,PWLH,SegRatio,0.00000,0.05000,600.00000,0.0058744126
snow_height,PWLH,RMSE,0.00000,0.05000,600.00000,0.0210359552
snow_height,PWLH,Time,0.00000,0.05000,600.00000,0.0001361224
snow_height,GAMPS,CmpRatio,0.00000,0.05000,600.00000,0.0541445855
snow_height,GAMPS,RMSERatio,0.00000,0.05000,600.00000,0.0100161561
snow_height,GAMPS,Time,0.00000,0.05000,600.00000,0.0000012983
snow_height,CHEB,CmpRatio,0.00000,0.05000,600.00000,-nan
snow_height,CHEB,SegRatio,0.00000,0.05000,600.00000,-nan
snow_height,CHEB,RMSE,0.00000,0.05000,600.00000,-nan
snow_height,CHEB,Time,0.00000,0.05000,600.00000,-nan
snow_height,CHEB,CmpRatio,0.00000,0.05000,600.00000,0.1077892211
snow_height,CHEB,SegRatio,0.00000,0.05000,600.00000,0.0765423458
snow_height,CHEB,RMSE,0.00000,0.05000,600.00000,0.1279776377
snow_height,CHEB,Time,0.00000,0.05000,600.00000,0.0018421408
snow_height,CHEB,CmpRatio,0.00000,0.05000,600.00000,0.1077892211
snow_height,CHEB,SegRatio,0.00000,0.05000,600.00000,0.0765423458
snow_height,CHEB,RMSE,0.00000,0.05000,600.00000,0.1279776377
snow_height,CHEB,Time,0.00000,0.05000,600.00000,0.0018477402
snow_height,CHEB,CmpRatio,0.00000,0.05000,600.00000,0.1077892211
snow_height,CHEB,SegRatio,0.00000,0.05000,600.00000,0.0765423458
snow_height,CHEB,RMSE,0.00000,0.05000,600.00000,0.1279776377
snow_height,CHEB,Time,0.00000,0.05000,600.00000,0.0018570643
snow_height,CHEB,CmpRatio,0.00000,0.05000,600.00000,0.1077892211
snow_height,CHEB,SegRatio,0.00000,0.05000,600.00000,0.0765423458
snow_height,CHEB,RMSE,0.00000,0.05000,600.00000,0.1279776377
snow_height,CHEB,Time,0.00000,0.05000,600.00000,0.0018534147
snow_height,CHEB,CmpRatio,0.00000,0.05000,600.00000,0.1077892211
snow_height,CHEB,SegRatio,0.00000,0.05000,600.00000,0.0765423458
snow_height,CHEB,RMSE,0.00000,0.05000,600.00000,0.1279776377
snow_height,CHEB,Time,0.00000,0.05000,600.00000,0.0018558394
snow_height,CHEB,CmpRatio,0.00000,0.05000,600.00000,0.1077892211
snow_height,CHEB,SegRatio,0.00000,0.05000,600.00000,0.0765423458
snow_height,CHEB,RMSE,0.00000,0.05000,600.00000,0.1279776377
snow_height,CHEB,Time,0.00000,0.05000,600.00000,0.0018860614
snow_height,CHEB,CmpRatio,0.00000,0.05000,600.00000,0.1077892211
snow_height,CHEB,SegRatio,0.00000,0.05000,600.00000,0.0765423458
snow_height,CHEB,RMSE,0.00000,0.05000,600.00000,0.1279776377
snow_height,CHEB,Time,0.00000,0.05000,600.00000,-0.0231331117
snow_height,CHEB,CmpRatio,0.00000,0.05000,600.00000,0.1077892211
snow_height,CHEB,SegRatio,0.00000,0.05000,600.00000,0.0765423458
snow_height,CHEB,RMSE,0.00000,0.05000,600.00000,0.1279776377
snow_height,CHEB,Time,0.00000,0.05000,600.00000,0.0018692381
snow_height,CHEB,CmpRatio,0.00000,0.05000,600.00000,0.1077892211
snow_height,CHEB,SegRatio,0.00000,0.05000,600.00000,0.0765423458
snow_height,CHEB,RMSE,0.00000,0.05000,600.00000,0.1261525495
snow_height,CHEB,Time,0.00000,0.05000,600.00000,0.0018986101
snow_height,APCA,CmpRatio,0.00000,0.05000,600.00000,0.0159984002
snow_height,APCA,SegRatio,0.00000,0.05000,600.00000,0.0079992001
snow_height,APCA,RMSE,0.00000,0.05000,600.00000,0.0219641397
snow_height,APCA,Time,0.00000,0.05000,600.00000,0.0000320468
snow_height,PCA,CmpRatio,0.00000,0.05000,600.00000,0.1443293171
snow_height,PCA,SegRatio,0.00000,0.05000,600.00000,0.1154634537
snow_height,PCA,RMSE,0.00000,0.05000,600.00000,0.0078098701
snow_height,PCA,Time,0.00000,0.05000,600.00000,0.0000390961
snow_height,SF,CmpRatio,0.00000,0.05000,600.00000,0.0237351265
snow_height,SF,SegRatio,0.00000,0.05000,600.00000,0.0057244276
snow_height,SF,RMSE,0.00000,0.05000,600.00000,-0.3864549867
snow_height,SF,Time,0.00000,0.05000,600.00000,-0.0043912109
snow_height,PWLH,CmpRatio,0.00000,0.05000,600.00000,0.0234976502
snow_height,PWLH,SegRatio,0.00000,0.05000,600.00000,0.0058744126
snow_height,PWLH,RMSE,0.00000,0.05000,600.00000,0.0210359552
snow_height,PWLH,Time,0.00000,0.05000,600.00000,-0.0098783872
snow_height,GAMPS,CmpRatio,0.00000,0.05000,600.00000,0.0541445855
snow_height,GAMPS,RMSERatio,0.00000,0.05000,600.00000,0.0100161561
snow_height,GAMPS,Time,0.00000,0.05000,600.00000,0.0006352115
snow_height,CHEB,CmpRatio,0.00000,0.05000,600.00000,0.1077892211
snow_height,CHEB,SegRatio,0.00000,0.05000,600.00000,0.0765423458
snow_height,CHEB,RMSE,0.00000,0.05000,600.00000,0.1261525495
snow_height,CHEB,Time,0.00000,0.05000,600.00000,0.0018216178
snow_height,APCA,CmpRatio,0.00000,0.05000,600.00000,0.0159984002
snow_height,APCA,SegRatio,0.00000,0.05000,600.00000,0.0079992001
snow_height,APCA,RMSE,0.00000,0.05000,600.00000,0.0219641397
snow_height,APCA,Time,0.00000,0.05000,600.00000,0.0000314719
snow_height,PCA,CmpRatio,0.00000,0.05000,600.00000,0.1443293171
snow_height,PCA,SegRatio,0.00000,0.05000,600.00000,0.1154634537
snow_height,PCA,RMSE,0.00000,0.05000,600.00000,0.0078098701
snow_height,PCA,Time,0.00000,0.05000,600.00000,0.0000367713
snow_height,SF,CmpRatio,0.00000,0.05000,600.00000,0.0237351265
snow_height,SF,SegRatio,0.00000,0.05000,600.00000,0.0057244276
snow_height,SF,RMSE,0.00000,0.05000,600.00000,-0.3864549867
snow_height,SF,Time,0.00000,0.05000,600.00000,-0.0053786871
snow_height,PWLH,CmpRatio,0.00000,0.05000,600.00000,0.0234976502
snow_height,PWLH,SegRatio,0.00000,0.05000,600.00000,0.0058744126
snow_height,PWLH,RMSE,0.00000,0.05000,600.00000,0.0210359552
snow_height,PWLH,Time,0.00000,0.05000,600.00000,-0.0094207579
snow_height,GAMPS,CmpRatio,0.00000,0.05000,600.00000,0.0541445855
snow_height,GAMPS,RMSERatio,0.00000,0.05000,600.00000,0.0100161561
snow_height,GAMPS,Time,0.00000,0.05000,600.00000,0.0005960904
snow_height,CHEB,CmpRatio,0.00000,0.05000,600.00000,0.1077892211
snow_height,CHEB,SegRatio,0.00000,0.05000,600.00000,0.0765423458
snow_height,CHEB,RMSE,0.00000,0.05000,600.00000,0.1261525495
snow_height,CHEB,Time,0.00000,0.05000,600.00000,0.0018298170
snow_height,APCA,CmpRatio,0.00000,0.05000,600.00000,0.0159984002
snow_height,APCA,SegRatio,0.00000,0.05000,600.00000,0.0079992001
snow_height,APCA,RMSE,0.00000,0.05000,600.00000,0.0219641397
snow_height,APCA,Time,0.00000,0.05000,600.00000,0.0000309969
snow_height,PCA,CmpRatio,0.00000,0.05000,600.00000,0.1443293171
snow_height,PCA,SegRatio,0.00000,0.05000,600.00000,0.1154634537
snow_height,PCA,RMSE,0.00000,0.05000,600.00000,0.0078098701
snow_height,PCA,Time,0.00000,0.05000,600.00000,0.0000364214
snow_height,SF,CmpRatio,0.00000,0.05000,600.00000,0.0237351265
snow_height,SF,SegRatio,0.00000,0.05000,600.00000,0.0057244276
snow_height,SF,RMSE,0.00000,0.05000,600.00000,-0.3864549867
snow_height,SF,Time,0.00000,0.05000,600.00000,0.0197402760
snow_height,PWLH,CmpRatio,0.00000,0.05000,600.00000,0.0234976502
snow_height,PWLH,SegRatio,0.00000,0.05000,600.00000,0.0058744126
snow_height,PWLH,RMSE,0.00000,0.05000,600.00000,0.0210359552
snow_height,PWLH,Time,0.00000,0.05000,600.00000,-0.0066678332
snow_height,GAMPS,CmpRatio,0.00000,0.05000,600.00000,0.0541445855
snow_height,GAMPS,RMSERatio,0.00000,0.05000,600.00000,0.0100161561
snow_height,GAMPS,Time,0.00000,0.05000,600.00000,0.0005905409
snow_height,CHEB,CmpRatio,0.00000,0.05000,600.00000,0.1077892211
snow_height,CHEB,SegRatio,0.00000,0.05000,600.00000,0.0765423458
snow_height,CHEB,RMSE,0.00000,0.05000,600.00000,0.1261525495
snow_height,CHEB,Time,0.00000,0.05000,600.00000,0.0018273423
snow_height,APCA,CmpRatio,0.00000,0.05000,600.00000,0.0159984002
snow_height,APCA,SegRatio,0.00000,0.05000,600.00000,0.0079992001
snow_height,APCA,RMSE,0.00000,0.05000,600.00000,0.0219641397
snow_height,APCA,Time,0.00000,0.05000,600.00000,0.0000319468
snow_height,PCA,CmpRatio,0.00000,0.05000,600.00000,0.1443293171
snow_height,PCA,SegRatio,0.00000,0.05000,600.00000,0.1154634537
snow_height,PCA,RMSE,0.00000,0.05000,600.00000,0.0078098701
snow_height,PCA,Time,0.00000,0.05000,600.00000,0.0000372963
snow_height,SF,CmpRatio,0.00000,0.05000,600.00000,0.0237351265
snow_height,SF,SegRatio,0.00000,0.05000,600.00000,0.0057244276
snow_height,SF,RMSE,0.00000,0.05000,600.00000,-0.3864549867
snow_height,SF,Time,0.00000,0.05000,600.00000,-0.0054494301
snow_height,PWLH,CmpRatio,0.00000,0.05000,600.00000,0.0234976502
snow_height,PWLH,SegRatio,0.00000,0.05000,600.00000,0.0058744126
snow_height,PWLH,RMSE,0.00000,0.05000,600.00000,0.0210359552
snow_height,PWLH,Time,0.00000,0.05000,600.00000,0.0143567393
snow_height,GAMPS,CmpRatio,0.00000,0.05000,600.00000,0.0541445855
snow_height,GAMPS,RMSERatio,0.00000,0.05000,600.00000,0.0100161561
snow_height,GAMPS,Time,0.00000,0.05000,600.00000,0.0006173633
snow_height,CHEB,CmpRatio,0.00000,0.05000,600.00000,0.1077892211
snow_height,CHEB,SegRatio,0.00000,0.05000,600.00000,0.0765423458
snow_height,CHEB,RMSE,0.00000,0.05000,600.00000,0.1261525495
snow_height,CHEB,Time,0.00000,0.05000,600.00000,0.0018934857
snow_height,APCA,CmpRatio,0.00000,0.05000,600.00000,0.0159984002
snow_height,APCA,SegRatio,0.00000,0.05000,600.00000,0.0079992001
snow_height,APCA,RMSE,0.00000,0.05000,600.00000,0.0219641397
snow_height,APCA,Time,0.00000,0.05000,600.00000,0.0000315218
snow_height,PCA,CmpRatio,0.00000,0.05000,600.00000,0.1443293171
snow_height,PCA,SegRatio,0.00000,0.05000,600.00000,0.1154634537
snow_height,PCA,RMSE,0.00000,0.05000,600.00000,0.0078098701
snow_height,PCA,Time,0.00000,0.05000,600.00000,0.0000363964
snow_height,SF,CmpRatio,0.00000,0.05000,600.00000,0.0237351265
snow_height,SF,SegRatio,0.00000,0.05000,600.00000,0.0057244276
snow_height,SF,RMSE,0.00000,0.05000,600.00000,-0.3864549867
snow_height,SF,Time,0.00000,0.05000,600.00000,-0.0056643836
snow_height,PWLH,CmpRatio,0.00000,0.05000,600.00000,0.0234976502
snow_height,PWLH,SegRatio,0.00000,0.05000,600.00000,0.0058744126
snow_height,PWLH,RMSE,0.00000,0.05000,600.00000,0.0210359552
snow_height,PWLH,Time,0.00000,0.05000,600.00000,0.0136401860
snow_height,GAMPS,CmpRatio,0.00000,0.05000,600.00000,0.0541445855
snow_height,GAMPS,RMSERatio,0.00000,0.05000,600.00000,0.0100161561
snow_height,GAMPS,Time,0.00000,0.05000,600.00000,0.0005897160
snow_height,CHEB,CmpRatio,0.00000,0.05000,600.00000,0.1077892211
snow_height,CHEB,SegRatio,0.00000,0.05000,600.00000,0.0765423458
snow_height,CHEB,RMSE,0.00000,0.05000,600.00000,0.1261525495
snow_height,CHEB,Time,0.00000,0.05000,600.00000,0.0019264324
snow_height,APCA,CmpRatio,0.00000,0.05000,600.00000,0.0159984002
snow_height,APCA,SegRatio,0.00000,0.05000,600.00000,0.0079992001
snow_height,APCA,RMSE,0.00000,0.05000,600.00000,0.0219641397
snow_height,APCA,Time,0.00000,0.05000,600.00000,0.0000324468
snow_height,PCA,CmpRatio,0.00000,0.05000,600.00000,0.1443293171
snow_height,PCA,SegRatio,0.00000,0.05000,600.00000,0.1154634537
snow_height,PCA,RMSE,0.00000,0.05000,600.00000,0.0078098701
snow_height,PCA,Time,0.00000,0.05000,600.00000,0.0000434207
snow_height,SF,CmpRatio,0.00000,0.05000,600.00000,0.0237351265
snow_height,SF,SegRatio,0.00000,0.05000,600.00000,0.0057244276
snow_height,SF,RMSE,0.00000,0.05000,600.00000,-0.3864549867
snow_height,SF,Time,0.00000,0.05000,600.00000,-0.0009772523
snow_height,PWLH,CmpRatio,0.00000,0.05000,600.00000,0.0234976502
snow_height,PWLH,SegRatio,0.00000,0.05000,600.00000,0.0058744126
snow_height,PWLH,RMSE,0.00000,0.05000,600.00000,0.0210359552
snow_height,PWLH,Time,0.00000,0.05000,600.00000,-0.0031791321
snow_height,GAMPS,CmpRatio,0.00000,0.05000,600.00000,0.0541445855
snow_height,GAMPS,RMSERatio,0.00000,0.05000,600.00000,0.0100161561
snow_height,GAMPS,Time,0.00000,0.05000,600.00000,0.0006226127
snow_height,CHEB,CmpRatio,0.00000,0.05000,600.00000,0.1077892211
snow_height,CHEB,SegRatio,0.00000,0.05000,600.00000,0.0765423458
snow_height,CHEB,RMSE,0.00000,0.05000,600.00000,0.1261525495
snow_height,CHEB,Time,0.00000,0.05000,600.00000,0.0018412909
snow_height,APCA,CmpRatio,0.00000,0.05000,600.00000,0.0159984002
snow_height,APCA,SegRatio,0.00000,0.05000,600.00000,0.0079992001
snow_height,APCA,RMSE,0.00000,0.05000,600.00000,0.0219641397
snow_height,APCA,Time,0.00000,0.05000,600.00000,0.0000308469
snow_height,PCA,CmpRatio,0.00000,0.05000,600.00000,0.1443293171
snow_height,PCA,SegRatio,0.00000,0.05000,600.00000,0.1154634537
snow_height,PCA,RMSE,0.00000,0.05000,600.00000,0.0078098701
snow_height,PCA,Time,0.00000,0.05000,600.00000,0.0000376962
snow_height,SF,CmpRatio,0.00000,0.05000,600.00000,0.0237351265
snow_height,SF,SegRatio,0.00000,0.05000,600.00000,0.0057244276
snow_height,SF,RMSE,0.00000,0.05000,600.00000,-0.3864549867
snow_height,SF,Time,0.00000,0.05000,600.00000,-0.0052905709
snow_height,PWLH,CmpRatio,0.00000,0.05000,600.00000,0.0234976502
snow_height,PWLH,SegRatio,0.00000,0.05000,600.00000,0.0058744126
snow_height,PWLH,RMSE,0.00000,0.05000,600.00000,0.0210359552
snow_height,PWLH,Time,0.00000,0.05000,600.00000,0.0144830517
snow_height,GAMPS,CmpRatio,0.00000,0.05000,600.00000,0.0541445855
snow_height,GAMPS,RMSERatio,0.00000,0.05000,600.00000,0.0100161561
snow_height,GAMPS,Time,0.00000,0.05000,600.00000,-0.0243848365
snow_height,CHEB,CmpRatio,0.00000,0.05000,600.00000,0.6303051513
snow_height,CHEB,SegRatio,0.00000,0.05000,600.00000,0.5990582760
snow_height,CHEB,RMSE,0.00000,0.05000,600.00000,0.0632058322
snow_height,CHEB,Time,0.00000,0.05000,600.00000,-0.0053665997
snow_height,APCA,CmpRatio,0.00000,0.05000,600.00000,0.4494641445
snow_height,APCA,SegRatio,0.00000,0.05000,600.00000,0.2247320722
snow_height,APCA,RMSE,0.00000,0.05000,600.00000,0.0268461151
snow_height,APCA,Time,0.00000,0.05000,600.00000,0.0000540219
snow_height,PCA,CmpRatio,0.00000,0.05000,600.00000,1.0118988101
snow_height,PCA,SegRatio,0.00000,0.05000,600.00000,0.8095190481
snow_height,PCA,RMSE,0.00000,0.05000,600.00000,0.0062845471
snow_height,PCA,Time,0.00000,0.05000,600.00000,0.0000894365
snow_height,SF,CmpRatio,0.00000,0.05000,600.00000,0.5745516357
snow_height,SF,SegRatio,0.00000,0.05000,600.00000,0.1447491614
snow_height,SF,RMSE,0.00000,0.05000,600.00000,-0.5621343898
snow_height,SF,Time,0.00000,0.05000,600.00000,0.0028528783
snow_height,PWLH,CmpRatio,0.00000,0.05000,600.00000,0.6266464263
snow_height,PWLH,SegRatio,0.00000,0.05000,600.00000,0.1566616066
snow_height,PWLH,RMSE,0.00000,0.05000,600.00000,0.0265892114
snow_height,PWLH,Time,0.00000,0.05000,600.00000,0.0089933552
snow_height,GAMPS,CmpRatio,0.00000,0.05000,600.00000,0.9035823690
snow_height,GAMPS,RMSERatio,0.00000,0.05000,600.00000,0.0100548636
snow_height,GAMPS,Time,0.00000,0.05000,600.00000,0.0016805774
snow_height,APCA,CmpRatio,0.00000,0.05000,600.00000,0.4494641445
snow_height,APCA,SegRatio,0.00000,0.05000,600.00000,0.2247320722
snow_height,APCA,RMSE,0.00000,0.05000,600.00000,0.0268461151
snow_height,APCA,Time,0.00000,0.05000,600.00000,0.0000539037
snow_height,PCA,CmpRatio,0.00000,0.05000,600.00000,1.0118988101
snow_height,PCA,SegRatio,0.00000,0.05000,600.00000,0.8095190481
snow_height,PCA,RMSE,0.00000,0.05000,600.00000,0.0062845471
snow_height,PCA,Time,0.00000,0.05000,600.00000,0.0001186063
snow_height,SF,CmpRatio,0.00000,0.05000,600.00000,0.5745516357
snow_height,SF,SegRatio,0.00000,0.05000,600.00000,0.1447491614
snow_height,SF,RMSE,0.00000,0.05000,600.00000,-0.5621343898
snow_height,SF,Time,0.00000,0.05000,600.00000,-0.0063972875
snow_height,PWLH,CmpRatio,0.00000,0.05000,600.00000,0.6266464263
snow_height,PWLH,SegRatio,0.00000,0.05000,600.00000,0.1566616066
snow_height,PWLH,RMSE,0.00000,0.05000,600.00000,0.0265892114
snow_height,PWLH,Time,0.00000,0.05000,600.00000,0.0013859341
snow_height,CHEB,CmpRatio,0.00000,0.05000,600.00000,0.6303051513
snow_height,CHEB,SegRatio,0.00000,0.05000,600.00000,0.5990582760
snow_height,CHEB,RMSE,0.00000,0.05000,600.00000,0.0632058322
snow_height,CHEB,Time,0.00000,0.05000,600.00000,0.0035094672
snow_height,APCA,CmpRatio,0.00000,0.05000,600.00000,0.4494641445
snow_height,APCA,SegRatio,0.00000,0.05000,600.00000,0.2247320722
snow_height,APCA,RMSE,0.00000,0.05000,600.00000,0.0268461151
snow_height,APCA,Time,0.00000,0.05000,600.00000,0.0000514312
snow_height,PCA,CmpRatio,0.00000,0.05000,600.00000,1.0118988101
snow_height,PCA,SegRatio,0.00000,0.05000,600.00000,0.8095190481
snow_height,PCA,RMSE,0.00000,0.05000,600.00000,0.0062845471
snow_height,PCA,Time,0.00000,0.05000,600.00000,0.0000828190
snow_height,SF,CmpRatio,0.00000,0.05000,600.00000,0.5745516357
snow_height,SF,SegRatio,0.00000,0.05000,600.00000,0.1447491614
snow_height,SF,RMSE,0.00000,0.05000,600.00000,-0.5621343898
snow_height,SF,Time,0.00000,0.05000,600.00000,-0.0067959749
snow_height,PWLH,CmpRatio,0.00000,0.05000,600.00000,0.6266464263
snow_height,PWLH,SegRatio,0.00000,0.05000,600.00000,0.1566616066
snow_height,PWLH,RMSE,0.00000,0.05000,600.00000,0.0265892114
snow_height,PWLH,Time,0.00000,0.05000,600.00000,-0.0011247421
snow_height,GAMPS,CmpRatio,0.00000,0.05000,600.00000,0.9035823690
snow_height,GAMPS,RMSERatio,0.00000,0.05000,600.00000,0.0100548636
snow_height,GAMPS,Time,0.00000,0.05000,600.00000,0.0016213651
snow_height,CHEB,CmpRatio,0.00000,0.05000,600.00000,0.6303051513
snow_height,CHEB,SegRatio,0.00000,0.05000,600.00000,0.5990582760
snow_height,CHEB,RMSE,0.00000,0.05000,600.00000,0.0632058322
snow_height,CHEB,Time,0.00000,0.05000,600.00000,-0.0053662179
snow_height,CHEB,CmpRatio,0.00000,0.05000,600.00000,0.6303051513
snow_height,CHEB,SegRatio,0.00000,0.05000,600.00000,0.5990582760
snow_height,CHEB,RMSE,0.00000,0.05000,600.00000,0.0632058322
snow_height,CHEB,Time,0.00000,0.05000,600.00000,-0.0050782195
snow_height,APCA,CmpRatio,0.00000,0.05000,600.00000,0.4494641445
snow_height,APCA,SegRatio,0.00000,0.05000,600.00000,0.2247320722
snow_height,APCA,RMSE,0.00000,0.05000,600.00000,0.0268461151
snow_height,APCA,Time,0.00000,0.05000,600.00000,0.0000604394
snow_height,PCA,CmpRatio,0.00000,0.05000,600.00000,1.0118988101
snow_height,PCA,SegRatio,0.00000,0.05000,600.00000,0.8095190481
snow_height,PCA,RMSE,0.00000,0.05000,600.00000,0.0062845471
snow_height,PCA,Time,0.00000,0.05000,600.00000,0.0001139704
snow_height,CHEB,CmpRatio,0.00000,0.05000,600.00000,0.6303051513
snow_height,CHEB,SegRatio,0.00000,0.05000,600.00000,0.5990582760
snow_height,CHEB,RMSE,0.00000,0.05000,600.00000,0.0632058322
snow_height,CHEB,Time,0.00000,0.05000,600.00000,0.0033689631
snow_height,APCA,CmpRatio,0.00000,0.05000,600.00000,0.4494641445
snow_height,APCA,SegRatio,0.00000,0.05000,600.00000,0.2247320722
snow_height,APCA,RMSE,0.00000,0.05000,600.00000,0.0268461151
snow_height,APCA,Time,0.00000,0.05000,600.00000,0.0000515585
snow_height,CHEB,CmpRatio,0.00000,0.05000,600.00000,0.6303051513
snow_height,CHEB,SegRatio,0.00000,0.05000,600.00000,0.5990582760
snow_height,CHEB,RMSE,0.00000,0.05000,600.00000,0.0632058322
snow_height,CHEB,Time,0.00000,0.05000,600.00000,0.0033604003
snow_height,APCA,CmpRatio,0.00000,0.05000,600.00000,0.4494641445
snow_height,APCA,SegRatio,0.00000,0.05000,600.00000,0.2247320722
snow_height,APCA,RMSE,0.00000,0.05000,600.00000,0.0268461151
snow_height,APCA,Time,0.00000,0.05000,600.00000,0.0000520766
snow_height,PCA,CmpRatio,0.00000,0.05000,600.00000,1.0118988101
snow_height,PCA,SegRatio,0.00000,0.05000,600.00000,0.8095190481
snow_height,PCA,RMSE,0.00000,0.05000,600.00000,0.0062845471
snow_height,PCA,Time,0.00000,0.05000,600.00000,0.0000826190
snow_height,CHEB,CmpRatio,0.00000,0.05000,600.00000,0.6303051513
snow_height,CHEB,SegRatio,0.00000,0.05000,600.00000,0.5990582760
snow_height,CHEB,RMSE,0.00000,0.05000,600.00000,0.0632058322
snow_height,CHEB,Time,0.00000,0.05000,600.00000,0.0033429839
snow_height,APCA,CmpRatio,0.00000,0.05000,600.00000,0.4494641445
snow_height,APCA,SegRatio,0.00000,0.05000,600.00000,0.2247320722
snow_height,APCA,RMSE,0.00000,0.05000,600.00000,0.0268461151
snow_height,APCA,Time,0.00000,0.05000,600.00000,0.0000519675
snow_height,PCA,CmpRatio,0.00000,0.05000,600.00000,1.0118988101
snow_height,PCA,SegRatio,0.00000,0.05000,600.00000,0.8095190481
snow_height,PCA,RMSE,0.00000,0.05000,600.00000,0.0062845471
snow_height,PCA,Time,0.00000,0.05000,600.00000,0.0000827281
snow_height,CHEB,CmpRatio,0.00000,0.05000,600.00000,0.6303051513
snow_height,CHEB,SegRatio,0.00000,0.05000,600.00000,0.5990582760
snow_height,CHEB,RMSE,0.00000,0.05000,600.00000,0.0632058322
snow_height,CHEB,Time,0.00000,0.05000,600.00000,0.0033294580
snow_height,APCA,CmpRatio,0.00000,0.05000,600.00000,0.4494641445
snow_height,APCA,SegRatio,0.00000,0.05000,600.00000,0.2247320722
snow_height,APCA,RMSE,0.00000,0.05000,600.00000,0.0268461151
snow_height,APCA,Time,0.00000,0.05000,600.00000,0.0000503586
snow_height,PCA,CmpRatio,0.00000,0.05000,600.00000,1.0118988101
snow_height,PCA,SegRatio,0.00000,0.05000,600.00000,0.8095190481
snow_height,PCA,RMSE,0.00000,0.05000,600.00000,0.0062845471
snow_height,PCA,Time,0.00000,0.05000,600.00000,0.0000831826
snow_height,SF,CmpRatio,0.00000,0.05000,600.00000,0.5745516357
snow_height,SF,SegRatio,0.00000,0.05000,600.00000,0.1447491614
snow_height,SF,RMSE,0.00000,0.05000,600.00000,-0.5621343898
snow_height,SF,Time,0.00000,0.05000,600.00000,0.0022856623
snow_height,PWLH,CmpRatio,0.00000,0.05000,600.00000,0.6266464263
snow_height,PWLH,SegRatio,0.00000,0.05000,600.00000,0.1566616066
snow_height,PWLH,RMSE,0.00000,0.05000,600.00000,0.0265892114
snow_height,PWLH,Time,0.00000,0.05000,600.00000,0.0073428657
snow_height,GAMPS,CmpRatio,0.00000,0.05000,600.00000,0.9035823690
snow_height,GAMPS,RMSERatio,0.00000,0.05000,600.00000,0.0100548636
snow_height,GAMPS,Time,0.00000,0.05000,600.00000,0.0015948678
snow_height,CHEB,CmpRatio,0.00000,0.05000,600.00000,0.1615770331
snow_height,CHEB,SegRatio,0.00000,0.05000,600.00000,0.1303327729
snow_height,CHEB,RMSE,0.00000,0.05000,600.00000,0.2162941174
snow_height,CHEB,Time,0.00000,0.05000,600.00000,0.0019757155
snow_height,APCA,CmpRatio,0.00000,0.05000,600.00000,0.0859577057
snow_height,APCA,SegRatio,0.00000,0.05000,600.00000,0.0429788529
snow_height,APCA,RMSE,0.00000,0.05000,600.00000,0.0267142720
snow_height,APCA,Time,0.00000,0.05000,600.00000,0.0000362144
snow_height,PCA,CmpRatio,0.00000,0.05000,600.00000,0.3802589280
snow_height,PCA,SegRatio,0.00000,0.05000,600.00000,0.3042071424
snow_height,PCA,RMSE,0.00000,0.05000,600.00000,0.0125417581
snow_height,PCA,Time,0.00000,0.05000,600.00000,0.0000489957
snow_height,CHEB,CmpRatio,0.00000,0.05000,600.00000,0.6303051513
snow_height,CHEB,SegRatio,0.00000,0.05000,600.00000,0.5990582760
snow_height,CHEB,RMSE,0.00000,0.05000,600.00000,0.0632058322
snow_height,CHEB,Time,0.00000,0.05000,600.00000,0.0033487469
snow_height,APCA,CmpRatio,0.00000,0.05000,600.00000,0.4494641445
snow_height,APCA,SegRatio,0.00000,0.05000,600.00000,0.2247320722
snow_height,APCA,RMSE,0.00000,0.05000,600.00000,0.0268461151
snow_height,APCA,Time,0.00000,0.05000,600.00000,0.0000503950
snow_height,PCA,CmpRatio,0.00000,0.05000,600.00000,1.0118988101
snow_height,PCA,SegRatio,0.00000,0.05000,600.00000,0.8095190481
snow_height,PCA,RMSE,0.00000,0.05000,600.00000,0.0062845471
snow_height,PCA,Time,0.00000,0.05000,600.00000,0.0000837916
snow_height,SF,CmpRatio,0.00000,0.05000,600.00000,0.5745516357
snow_height,SF,SegRatio,0.00000,0.05000,600.00000,0.1447491614
snow_height,SF,RMSE,0.00000,0.05000,600.00000,-0.5621343898
snow_height,SF,Time,0.00000,0.05000,600.00000,0.0022949796
snow_height,PWLH,CmpRatio,0.00000,0.05000,600.00000,0.6266464263
snow_height,PWLH,SegRatio,0.00000,0.05000,600.00000,0.1566616066
snow_height,PWLH,RMSE,0.00000,0.05000,600.00000,0.0265892114
snow_height,PWLH,Time,0.00000,0.05000,600.00000,-0.0017430257
snow_height,GAMPS,CmpRatio,0.00000,0.05000,600.00000,0.9035823690
snow_height,GAMPS,RMSERatio,0.00000,0.05000,600.00000,0.0100548636
snow_height,GAMPS,Time,0.00000,0.05000,600.00000,0.0015532174
snow_height,CHEB,CmpRatio,0.00000,0.05000,600.00000,0.1615770331
snow_height,CHEB,SegRatio,0.00000,0.05000,600.00000,0.1303327729
snow_height,CHEB,RMSE,0.00000,0.05000,600.00000,0.2144827209
snow_height,CHEB,Time,0.00000,0.05000,600.00000,0.0019421911
snow_height,APCA,CmpRatio,0.00000,0.05000,600.00000,0.0859577057
snow_height,APCA,SegRatio,0.00000,0.05000,600.00000,0.0429788529
snow_height,APCA,RMSE,0.00000,0.05000,600.00000,0.0267142720
snow_height,APCA,Time,0.00000,0.05000,600.00000,0.0000356635
snow_height,PCA,CmpRatio,0.00000,0.05000,600.00000,0.3802589280
snow_height,PCA,SegRatio,0.00000,0.05000,600.00000,0.3042071424
snow_height,PCA,RMSE,0.00000,0.05000,600.00000,0.0125417581
snow_height,PCA,Time,0.00000,0.05000,600.00000,0.0000477954
snow_height,CHEB,CmpRatio,0.00000,0.05000,600.00000,0.1615770331
snow_height,CHEB,SegRatio,0.00000,0.05000,600.00000,0.1303327729
snow_height,CHEB,RMSE,0.00000,0.05000,600.00000,0.2144827209
snow_height,CHEB,Time,0.00000,0.05000,600.00000,-0.0010092024
snow_height,APCA,CmpRatio,0.00000,0.05000,600.00000,0.0859577057
snow_height,APCA,SegRatio,0.00000,0.05000,600.00000,0.0429788529
snow_height,APCA,RMSE,0.00000,0.05000,600.00000,0.0267142720
snow_height,APCA,Time,0.00000,0.05000,600.00000,0.0000356187
snow_height,PCA,CmpRatio,0.00000,0.05000,600.00000,0.3802589280
snow_height,PCA,SegRatio,0.00000,0.05000,600.00000,0.3042071424
snow_height,PCA,RMSE,0.00000,0.05000,600.00000,0.0125417581
snow_height,PCA,Time,0.00000,0.05000,600.00000,0.0000474510
snow_height,CHEB,CmpRatio,0.00000,0.05000,600.00000,0.6303051513
snow_height,CHEB,SegRatio,0.00000,0.05000,600.00000,0.5990582760
snow_height,CHEB,RMSE,0.00000,0.05000,600.00000,0.0632058322
snow_height,CHEB,Time,0.00000,0.05000,600.00000,0.0033043241
snow_height,APCA,CmpRatio,0.00000,0.05000,600.00000,0.4494641445
snow_height,APCA,SegRatio,0.00000,0.05000,600.00000,0.2247320722
snow_height,APCA,RMSE,0.00000,0.05000,600.00000,0.0268461151
snow_height,APCA,Time,0.00000,0.05000,600.00000,0.0000503041
snow_height,PCA,CmpRatio,0.00000,0.05000,600.00000,1.0118988101
snow_height,PCA,SegRatio,0.00000,0.05000,600.00000,0.8095190481
snow_height,PCA,RMSE,0.00000,0.05000,600.00000,0.0062845471
snow_height,PCA,Time,0.00000,0.05000,600.00000,0.0000793557
snow_height,SF,CmpRatio,0.00000,0.05000,600.00000,0.5745516357
snow_height,SF,SegRatio,0.00000,0.05000,600.00000,0.1447491614
snow_height,SF,RMSE,0.00000,0.05000,600.00000,-0.5621343898
snow_height,SF,Time,0.00000,0.05000,600.00000,0.0022727273
snow_height,PWLH,CmpRatio,0.00000,0.05000,600.00000,0.6266464263
snow_height,PWLH,SegRatio,0.00000,0.05000,600.00000,0.1566616066
snow_height,PWLH,RMSE,0.00000,0.05000,600.00000,0.0265892114
snow_height,PWLH,Time,0.00000,0.05000,600.00000,-0.0019012553
snow_height,GAMPS,CmpRatio,0.00000,0.05000,600.00000,0.9035823690
snow_height,GAMPS,RMSERatio,0.00000,0.05000,600.00000,0.0100548636
snow_height,GAMPS,Time,0.00000,0.05000,600.00000,0.0015313560
snow_height,CHEB,CmpRatio,0.00000,0.05000,600.00000,0.1921960138
snow_height,CHEB,SegRatio,0.00000,0.05000,600.00000,0.1609539542
snow_height,CHEB,RMSE,0.00000,0.05000,600.00000,0.2212995647
snow_height,CHEB,Time,0.00000,0.05000,600.00000,-0.0038601283
snow_height,APCA,CmpRatio,0.00000,0.05000,600.00000,0.1138932376
snow_height,APCA,SegRatio,0.00000,0.05000,600.00000,0.0569466188
snow_height,APCA,RMSE,0.00000,0.05000,600.00000,0.0266124679
snow_height,APCA,Time,0.00000,0.05000,600.00000,0.0000368865
snow_height,PCA,CmpRatio,0.00000,0.05000,600.00000,0.4457501791
snow_height,PCA,SegRatio,0.00000,0.05000,600.00000,0.3566001433
snow_height,PCA,RMSE,0.00000,0.05000,600.00000,0.0120881107
snow_height,PCA,Time,0.00000,0.05000,600.00000,0.0000521318
snow_height,APCA,CmpRatio,0.00000,0.05000,600.00000,0.1138932376
snow_height,APCA,SegRatio,0.00000,0.05000,600.00000,0.0569466188
snow_height,APCA,RMSE,0.00000,0.05000,600.00000,0.0266124679
snow_height,APCA,Time,0.00000,0.05000,600.00000,0.0000369847
snow_height,PCA,CmpRatio,0.00000,0.05000,600.00000,0.4457501791
snow_height,PCA,SegRatio,0.00000,0.05000,600.00000,0.3566001433
snow_height,PCA,RMSE,0.00000,0.05000,600.00000,0.0120881107
snow_height,PCA,Time,0.00000,0.05000,600.00000,0.0000524918
snow_height,CHEB,CmpRatio,0.00000,0.05000,600.00000,0.1921960138
snow_height,CHEB,SegRatio,0.00000,0.05000,600.00000,0.1609539542
snow_height,CHEB,RMSE,0.00000,0.05000,600.00000,0.2212995647
snow_height,CHEB,Time,0.00000,0.05000,600.00000,0.0021202792
snow_height,APCA,CmpRatio,0.00000,0.05000,600.00000,0.1138932376
snow_height,APCA,SegRatio,0.00000,0.05000,600.00000,0.0569466188
snow_height,APCA,RMSE,0.00000,0.05000,600.00000,0.0266124679
snow_height,APCA,Time,0.00000,0.05000,600.00000,0.0000381528
snow_height,PCA,CmpRatio,0.00000,0.05000,600.00000,0.4457501791
snow_height,PCA,SegRatio,0.00000,0.05000,600.00000,0.3566001433
snow_height,PCA,RMSE,0.00000,0.05000,600.00000,0.0120881107
snow_height,PCA,Time,0.00000,0.05000,600.00000,0.0000540873
snow_height,CHEB,CmpRatio,0.00000,0.05000,600.00000,0.1921960138
snow_height,CHEB,SegRatio,0.00000,0.05000,600.00000,0.1609539542
snow_height,CHEB,RMSE,0.00000,0.05000,600.00000,0.2212995647
snow_height,CHEB,Time,0.00000,0.05000,600.00000,0.0020910520
snow_height,APCA,CmpRatio,0.00000,0.05000,600.00000,0.1138932376
snow_height,APCA,SegRatio,0.00000,0.05000,600.00000,0.0569466188
snow_height,APCA,RMSE,0.00000,0.05000,600.00000,0.0266124679
snow_height,APCA,Time,0.00000,0.05000,600.00000,0.0000377850
snow_height,PCA,CmpRatio,0.00000,0.05000,600.00000,0.4457501791
snow_height,PCA,SegRatio,0.00000,0.05000,600.00000,0.3566001433
snow_height,PCA,RMSE,0.00000,0.05000,600.00000,0.0120881107
snow_height,PCA,Time,0.00000,0.05000,600.00000,0.0000537212
snow_height,CHEB,CmpRatio,0.00000,0.05000,600.00000,0.1921960138
snow_height,CHEB,SegRatio,0.00000,0.05000,600.00000,0.1609539542
snow_height,CHEB,RMSE,0.00000,0.05000,600.00000,0.2212995647
snow_height,CHEB,Time,0.00000,0.05000,600.00000,-0.0037869867
snow_height,APCA,CmpRatio,0.00000,0.05000,600.00000,0.1138932376
snow_height,APCA,SegRatio,0.00000,0.05000,600.00000,0.0569466188
snow_height,APCA,RMSE,0.00000,0.05000,600.00000,0.0266124679
snow_height,APCA,Time,0.00000,0.05000,600.00000,0.0000379897
snow_height,PCA,CmpRatio,0.00000,0.05000,600.00000,0.4457501791
snow_height,PCA,SegRatio,0.00000,0.05000,600.00000,0.3566001433
snow_height,PCA,RMSE,0.00000,0.05000,600.00000,0.0120881107
snow_height,PCA,Time,0.00000,0.05000,600.00000,0.0000539475
snow_height,CHEB,CmpRatio,0.00000,0.05000,600.00000,0.1921960138
snow_height,CHEB,SegRatio,0.00000,0.05000,600.00000,0.1609539542
snow_height,CHEB,RMSE,0.00000,0.05000,600.00000,0.2212995647
snow_height,CHEB,Time,0.00000,0.05000,600.00000,0.0022642233
snow_height,APCA,CmpRatio,0.00000,0.05000,600.00000,0.1138932376
snow_height,APCA,SegRatio,0.00000,0.05000,600.00000,0.0569466188
snow_height,APCA,RMSE,0.00000,0.05000,600.00000,0.0266124679
snow_height,APCA,Time,0.00000,0.05000,600.00000,0.0000380529
snow_height,PCA,CmpRatio,0.00000,0.05000,600.00000,0.4457501791
snow_height,PCA,SegRatio,0.00000,0.05000,600.00000,0.3566001433
snow_height,PCA,RMSE,0.00000,0.05000,600.00000,0.0120881107
snow_height,PCA,Time,0.00000,0.05000,600.00000,0.0000560321
snow_height,CHEB,CmpRatio,0.00000,0.05000,600.00000,0.1921960138
snow_height,CHEB,SegRatio,0.00000,0.05000,600.00000,0.1609539542
snow_height,CHEB,RMSE,0.00000,0.05000,600.00000,0.2212995647
snow_height,CHEB,Time,0.00000,0.05000,600.00000,-0.0037802973
snow_height,APCA,CmpRatio,0.00000,0.05000,600.00000,0.1138932376
snow_height,APCA,SegRatio,0.00000,0.05000,600.00000,0.0569466188
snow_height,APCA,RMSE,0.00000,0.05000,600.00000,0.0266124679
snow_height,APCA,Time,0.00000,0.05000,600.00000,0.0000382538
snow_height,PCA,CmpRatio,0.00000,0.05000,600.00000,0.4457501791
snow_height,PCA,SegRatio,0.00000,0.05000,600.00000,0.3566001433
snow_height,PCA,RMSE,0.00000,0.05000,600.00000,0.0120881107
snow_height,PCA,Time,0.00000,0.05000,600.00000,0.0000535399
snow_height,CHEB,CmpRatio,0.00000,0.05000,600.00000,0.1921960138
snow_height,CHEB,SegRatio,0.00000,0.05000,600.00000,0.1609539542
snow_height,CHEB,RMSE,0.00000,0.05000,600.00000,0.2212995647
snow_height,CHEB,Time,0.00000,0.05000,600.00000,-0.0037864397
snow_height,APCA,CmpRatio,0.00000,0.05000,600.00000,0.1138932376
snow_height,APCA,SegRatio,0.00000,0.05000,600.00000,0.0569466188
snow_height,APCA,RMSE,0.00000,0.05000,600.00000,0.0266124679
snow_height,APCA,Time,0.00000,0.05000,600.00000,0.0000377825
snow_height,PCA,CmpRatio,0.00000,0.05000,600.00000,0.4457501791
snow_height,PCA,SegRatio,0.00000,0.05000,600.00000,0.3566001433
snow_height,PCA,RMSE,0.00000,0.05000,600.00000,0.0120881107
snow_height,PCA,Time,0.00000,0.05000,600.00000,0.0000543605
snow_height,CHEB,CmpRatio,0.00000,0.05000,600.00000,0.1921960138
snow_height,CHEB,SegRatio,0.00000,0.05000,600.00000,0.1609539542
snow_height,CHEB,RMSE,0.00000,0.05000,600.00000,0.2212995647
snow_height,CHEB,Time,0.00000,0.05000,600.00000,0.0020894853
snow_height,APCA,CmpRatio,0.00000,0.05000,600.00000,0.1138932376
snow_height,APCA,SegRatio,0.00000,0.05000,600.00000,0.0569466188
snow_height,APCA,RMSE,0.00000,0.05000,600.00000,0.0266124679
snow_height,APCA,Time,0.00000,0.05000,600.00000,0.0000376925
snow_height,PCA,CmpRatio,0.00000,0.05000,600.00000,0.4457501791
snow_height,PCA,SegRatio,0.00000,0.05000,600.00000,0.3566001433
snow_height,PCA,RMSE,0.00000,0.05000,600.00000,0.0120881107
snow_height,PCA,Time,0.00000,0.05000,600.00000,0.0000554130
snow_height,CHEB,CmpRatio,0.00000,0.05000,600.00000,0.1921960138
snow_height,CHEB,SegRatio,0.00000,0.05000,600.00000,0.1609539542
snow_height,CHEB,RMSE,0.00000,0.05000,600.00000,0.2212995647
snow_height,CHEB,Time,0.00000,0.05000,600.00000,0.0020704605
snow_height,APCA,CmpRatio,0.00000,0.05000,600.00000,0.1138932376
snow_height,APCA,SegRatio,0.00000,0.05000,600.00000,0.0569466188
snow_height,APCA,RMSE,0.00000,0.05000,600.00000,0.0266124679
snow_height,APCA,Time,0.00000,0.05000,600.00000,0.0000379042
snow_height,PCA,CmpRatio,0.00000,0.05000,600.00000,0.4457501791
snow_height,PCA,SegRatio,0.00000,0.05000,600.00000,0.3566001433
snow_height,PCA,RMSE,0.00000,0.05000,600.00000,0.0120881107
snow_height,PCA,Time,0.00000,0.05000,600.00000,0.0000536630
snow_height,CHEB,CmpRatio,0.00000,0.05000,600.00000,0.1921960138
snow_height,CHEB,SegRatio,0.00000,0.05000,600.00000,0.1609539542
snow_height,CHEB,RMSE,0.00000,0.05000,600.00000,0.2212995647
snow_height,CHEB,Time,0.00000,0.05000,600.00000,0.0020717355
snow_height,APCA,CmpRatio,0.00000,0.05000,600.00000,0.1138932376
snow_height,APCA,SegRatio,0.00000,0.05000,600.00000,0.0569466188
snow_height,APCA,RMSE,0.00000,0.05000,600.00000,0.0266124679
snow_height,APCA,Time,0.00000,0.05000,600.00000,0.0000377791
snow_height,PCA,CmpRatio,0.00000,0.05000,600.00000,0.4457501791
snow_height,PCA,SegRatio,0.00000,0.05000,600.00000,0.3566001433
snow_height,PCA,RMSE,0.00000,0.05000,600.00000,0.0120881107
snow_height,PCA,Time,0.00000,0.05000,600.00000,0.0000538494
snow_height,CHEB,CmpRatio,0.00000,0.05000,600.00000,0.1921960138
snow_height,CHEB,SegRatio,0.00000,0.05000,600.00000,0.1609539542
snow_height,CHEB,RMSE,0.00000,0.05000,600.00000,0.2212995647
snow_height,CHEB,Time,0.00000,0.05000,600.00000,0.0020181489
snow_height,APCA,CmpRatio,0.00000,0.05000,600.00000,0.1138932376
snow_height,APCA,SegRatio,0.00000,0.05000,600.00000,0.0569466188
snow_height,APCA,RMSE,0.00000,0.05000,600.00000,0.0266124679
snow_height,APCA,Time,0.00000,0.05000,600.00000,0.0000371887
snow_height,PCA,CmpRatio,0.00000,0.05000,600.00000,0.4457501791
snow_height,PCA,SegRatio,0.00000,0.05000,600.00000,0.3566001433
snow_height,PCA,RMSE,0.00000,0.05000,600.00000,0.0120881107
snow_height,PCA,Time,0.00000,0.05000,600.00000,0.0000534114
snow_height,CHEB,CmpRatio,0.00000,0.05000,600.00000,0.1921960138
snow_height,CHEB,SegRatio,0.00000,0.05000,600.00000,0.1609539542
snow_height,CHEB,RMSE,0.00000,0.05000,600.00000,0.2212995647
snow_height,CHEB,Time,0.00000,0.05000,600.00000,-0.0038528989
snow_height,APCA,CmpRatio,0.00000,0.05000,600.00000,0.1138932376
snow_height,APCA,SegRatio,0.00000,0.05000,600.00000,0.0569466188
snow_height,APCA,RMSE,0.00000,0.05000,600.00000,0.0266124679
snow_height,APCA,Time,0.00000,0.05000,600.00000,0.0000369623
snow_height,PCA,CmpRatio,0.00000,0.05000,600.00000,0.4457501791
snow_height,PCA,SegRatio,0.00000,0.05000,600.00000,0.3566001433
snow_height,PCA,RMSE,0.00000,0.05000,600.00000,0.0120881107
snow_height,PCA,Time,0.00000,0.05000,600.00000,0.0000519771
snow_height,CHEB,CmpRatio,0.00000,0.05000,600.00000,0.1921960138
snow_height,CHEB,SegRatio,0.00000,0.05000,600.00000,0.1609539542
snow_height,CHEB,RMSE,0.00000,0.05000,600.00000,0.2212995647
snow_height,CHEB,Time,0.00000,0.05000,600.00000,0.0020452533
snow_height,APCA,CmpRatio,0.00000,0.05000,600.00000,0.1138932376
snow_height,APCA,SegRatio,0.00000,0.05000,600.00000,0.0569466188
snow_height,APCA,RMSE,0.00000,0.05000,600.00000,0.0266124679
snow_height,APCA,Time,0.00000,0.05000,600.00000,0.0000372035
snow_height,PCA,CmpRatio,0.00000,0.05000,600.00000,0.4457501791
snow_height,PCA,SegRatio,0.00000,0.05000,600.00000,0.3566001433
snow_height,PCA,RMSE,0.00000,0.05000,600.00000,0.0120881107
snow_height,PCA,Time,0.00000,0.05000,600.00000,0.0000529923
snow_height,CHEB,CmpRatio,0.00000,0.05000,600.00000,0.1940611878
snow_height,CHEB,SegRatio,0.00000,0.05000,600.00000,0.1628174365
snow_height,CHEB,RMSE,0.00000,0.05000,600.00000,0.1382647290
snow_height,CHEB,Time,0.00000,0.05000,600.00000,0.0020637872
snow_height,APCA,CmpRatio,0.00000,0.05000,600.00000,0.0857828434
snow_height,APCA,SegRatio,0.00000,0.05000,600.00000,0.0428914217
snow_height,APCA,RMSE,0.00000,0.05000,600.00000,0.0222993585
snow_height,APCA,Time,0.00000,0.05000,600.00000,0.0000349430
snow_height,PCA,CmpRatio,0.00000,0.05000,600.00000,0.3163117377
snow_height,PCA,SegRatio,0.00000,0.05000,600.00000,0.2530493901
snow_height,PCA,RMSE,0.00000,0.05000,600.00000,0.0059856572
snow_height,PCA,Time,0.00000,0.05000,600.00000,0.0000472406
snow_height,CHEB,CmpRatio,0.00000,0.05000,600.00000,0.1940611878
snow_height,CHEB,SegRatio,0.00000,0.05000,600.00000,0.1628174365
snow_height,CHEB,RMSE,0.00000,0.05000,600.00000,0.1382647290
snow_height,CHEB,Time,0.00000,0.05000,600.00000,0.0020658868
snow_height,APCA,CmpRatio,0.00000,0.05000,600.00000,0.0857828434
snow_height,APCA,SegRatio,0.00000,0.05000,600.00000,0.0428914217
snow_height,APCA,RMSE,0.00000,0.05000,600.00000,0.0222993585
snow_height,APCA,Time,0.00000,0.05000,600.00000,0.0000345431
snow_height,PCA,CmpRatio,0.00000,0.05000,600.00000,0.3163117377
snow_height,PCA,SegRatio,0.00000,0.05000,600.00000,0.2530493901
snow_height,PCA,RMSE,0.00000,0.05000,600.00000,0.0059856572
snow_height,PCA,Time,0.00000,0.05000,600.00000,0.0000473405
snow_height,CHEB,CmpRatio,0.00000,0.05000,600.00000,0.1007298540
snow_height,CHEB,SegRatio,0.00000,0.05000,600.00000,0.0694861028
snow_height,CHEB,RMSE,0.00000,0.05000,600.00000,0.2444162406
snow_height,CHEB,Time,0.00000,0.05000,600.00000,0.0017873425
snow_height,APCA,CmpRatio,0.00000,0.05000,600.00000,0.0201959608
snow_height,APCA,SegRatio,0.00000,0.05000,600.00000,0.0100979804
snow_height,APCA,RMSE,0.00000,0.05000,600.00000,0.0240347178
snow_height,APCA,Time,0.00000,0.05000,600.00000,0.0000309938
snow_height,PCA,CmpRatio,0.00000,0.05000,600.00000,0.1494701060
snow_height,PCA,SegRatio,0.00000,0.05000,600.00000,0.1195760848
snow_height,PCA,RMSE,0.00000,0.05000,600.00000,0.0081482318
snow_height,PCA,Time,0.00000,0.05000,600.00000,0.0000373925
snow_height,CHEB,CmpRatio,0.00000,0.05000,600.00000,0.1007298540
snow_height,CHEB,SegRatio,0.00000,0.05000,600.00000,0.0694861028
snow_height,CHEB,RMSE,0.00000,0.05000,600.00000,0.2444162406
snow_height,CHEB,Time,0.00000,0.05000,600.00000,0.0018253349
snow_height,APCA,CmpRatio,0.00000,0.05000,600.00000,0.0201959608
snow_height,APCA,SegRatio,0.00000,0.05000,600.00000,0.0100979804
snow_height,APCA,RMSE,0.00000,0.05000,600.00000,0.0240347178
snow_height,APCA,Time,0.00000,0.05000,600.00000,0.0000309938
snow_height,PCA,CmpRatio,0.00000,0.05000,600.00000,0.1494701060
snow_height,PCA,SegRatio,0.00000,0.05000,600.00000,0.1195760848
snow_height,PCA,RMSE,0.00000,0.05000,600.00000,0.0081482318
snow_height,PCA,Time,0.00000,0.05000,600.00000,0.0000370926
snow_height,CHEB,CmpRatio,0.00000,0.05000,600.00000,0.1940611878
snow_height,CHEB,SegRatio,0.00000,0.05000,600.00000,0.1628174365
snow_height,CHEB,RMSE,0.00000,0.05000,600.00000,0.1382647290
snow_height,CHEB,Time,0.00000,0.05000,600.00000,-0.0479611078
snow_height,APCA,CmpRatio,0.00000,0.05000,600.00000,0.0857828434
snow_height,APCA,SegRatio,0.00000,0.05000,600.00000,0.0428914217
snow_height,APCA,RMSE,0.00000,0.05000,600.00000,0.0222993585
snow_height,APCA,Time,0.00000,0.05000,600.00000,0.0000360428
snow_height,PCA,CmpRatio,0.00000,0.05000,600.00000,0.3163117377
snow_height,PCA,SegRatio,0.00000,0.05000,600.00000,0.2530493901
snow_height,PCA,RMSE,0.00000,0.05000,600.00000,0.0059856572
snow_height,PCA,Time,0.00000,0.05000,600.00000,0.0000471406
snow_height,CHEB,CmpRatio,0.00000,0.05000,600.00000,0.1940611878
snow_height,CHEB,SegRatio,0.00000,0.05000,600.00000,0.1628174365
snow_height,CHEB,RMSE,0.00000,0.05000,600.00000,0.1382647290
snow_height,CHEB,Time,0.00000,0.05000,600.00000,0.0021781144
snow_height,APCA,CmpRatio,0.00000,0.05000,600.00000,0.0857828434
snow_height,APCA,SegRatio,0.00000,0.05000,600.00000,0.0428914217
snow_height,APCA,RMSE,0.00000,0.05000,600.00000,0.0222993585
snow_height,APCA,Time,0.00000,0.05000,600.00000,0.0000336433
snow_height,PCA,CmpRatio,0.00000,0.05000,600.00000,0.3163117377
snow_height,PCA,SegRatio,0.00000,0.05000,600.00000,0.2530493901
snow_height,PCA,RMSE,0.00000,0.05000,600.00000,0.0059856572
snow_height,PCA,Time,0.00000,0.05000,600.00000,0.0000472406
snow_height,PWLH,CmpRatio,0.00000,0.05000,600.00000,0.1095780844
snow_height,PWLH,SegRatio,0.00000,0.05000,600.00000,0.0273945211
snow_height,PWLH,RMSE,0.00000,0.05000,600.00000,0.0196414994
snow_height,PWLH,Time,0.00000,0.05000,600.00000,-0.0095196961
snow_height,GAMPS,CmpRatio,0.00000,0.05000,600.00000,0.1704659068
snow_height,GAMPS,RMSERatio,0.00000,0.05000,600.00000,0.0096796787
snow_height,GAMPS,Time,0.00000,0.05000,600.00000,0.0006336733
snow_height,CHEB,CmpRatio,0.00000,0.05000,600.00000,0.1921960138
snow_height,CHEB,SegRatio,0.00000,0.05000,600.00000,0.1609539542
snow_height,CHEB,RMSE,0.00000,0.05000,600.00000,0.2212995647
snow_height,CHEB,Time,0.00000,0.05000,600.00000,0.0020215526
snow_height,APCA,CmpRatio,0.00000,0.05000,600.00000,0.1138932376
snow_height,APCA,SegRatio,0.00000,0.05000,600.00000,0.0569466188
snow_height,APCA,RMSE,0.00000,0.05000,600.00000,0.0266124679
snow_height,APCA,Time,0.00000,0.05000,600.00000,0.0000387690
snow_height,PCA,CmpRatio,0.00000,0.05000,600.00000,0.4457501791
snow_height,PCA,SegRatio,0.00000,0.05000,600.00000,0.3566001433
snow_height,PCA,RMSE,0.00000,0.05000,600.00000,0.0120881107
snow_height,PCA,Time,0.00000,0.05000,600.00000,0.0000523671
snow_height,PWLH,CmpRatio,0.00000,0.05000,600.00000,0.1516007730
snow_height,PWLH,SegRatio,0.00000,0.05000,600.00000,0.0379001932
snow_height,PWLH,RMSE,0.00000,0.05000,600.00000,0.0258802794
snow_height,PWLH,Time,0.00000,0.05000,600.00000,-0.0032150919
snow_height,GAMPS,CmpRatio,0.00000,0.05000,600.00000,0.5268198392
snow_height,GAMPS,RMSERatio,0.00000,0.05000,600.00000,0.0111871153
snow_height,GAMPS,Time,0.00000,0.05000,600.00000,0.0012408720
snow_height,CHEB,CmpRatio,0.00000,0.05000,600.00000,0.1940611878
snow_height,CHEB,SegRatio,0.00000,0.05000,600.00000,0.1628174365
snow_height,CHEB,RMSE,0.00000,0.05000,600.00000,0.1382647290
snow_height,CHEB,Time,0.00000,0.05000,600.00000,0.0020398920
snow_height,APCA,CmpRatio,0.00000,0.05000,600.00000,0.0857828434
snow_height,APCA,SegRatio,0.00000,0.05000,600.00000,0.0428914217
snow_height,APCA,RMSE,0.00000,0.05000,600.00000,0.0222993585
snow_height,APCA,Time,0.00000,0.05000,600.00000,0.0000331934
snow_height,PCA,CmpRatio,0.00000,0.05000,600.00000,0.3163117377
snow_height,PCA,SegRatio,0.00000,0.05000,600.00000,0.2530493901
snow_height,PCA,RMSE,0.00000,0.05000,600.00000,0.0059856572
snow_height,PCA,Time,0.00000,0.05000,600.00000,0.0000475905
snow_height,CHEB,CmpRatio,0.00000,0.05000,600.00000,0.1940611878
snow_height,CHEB,SegRatio,0.00000,0.05000,600.00000,0.1628174365
snow_height,CHEB,RMSE,0.00000,0.05000,600.00000,0.1382647290
snow_height,CHEB,Time,0.00000,0.05000,600.00000,0.0020366427
snow_height,APCA,CmpRatio,0.00000,0.05000,600.00000,0.0857828434
snow_height,APCA,SegRatio,0.00000,0.05000,600.00000,0.0428914217
snow_height,APCA,RMSE,0.00000,0.05000,600.00000,0.0222993585
snow_height,APCA,Time,0.00000,0.05000,600.00000,0.0000345931
snow_height,PCA,CmpRatio,0.00000,0.05000,600.00000,0.3163117377
snow_height,PCA,SegRatio,0.00000,0.05000,600.00000,0.2530493901
snow_height,PCA,RMSE,0.00000,0.05000,600.00000,0.0059856572
snow_height,PCA,Time,0.00000,0.05000,600.00000,0.0000469406
snow_height,CHEB,CmpRatio,0.00000,0.05000,600.00000,0.1940611878
snow_height,CHEB,SegRatio,0.00000,0.05000,600.00000,0.1628174365
snow_height,CHEB,RMSE,0.00000,0.05000,600.00000,0.1382647290
snow_height,CHEB,Time,0.00000,0.05000,600.00000,0.0020380924
snow_height,APCA,CmpRatio,0.00000,0.05000,600.00000,0.0857828434
snow_height,APCA,SegRatio,0.00000,0.05000,600.00000,0.0428914217
snow_height,APCA,RMSE,0.00000,0.05000,600.00000,0.0222993585
snow_height,APCA,Time,0.00000,0.05000,600.00000,0.0000443411
snow_height,PCA,CmpRatio,0.00000,0.05000,600.00000,0.3163117377
snow_height,PCA,SegRatio,0.00000,0.05000,600.00000,0.2530493901
snow_height,PCA,RMSE,0.00000,0.05000,600.00000,0.0059856572
snow_height,PCA,Time,0.00000,0.05000,600.00000,0.0000476405
snow_height,CHEB,CmpRatio,0.00000,0.05000,600.00000,0.1940611878
snow_height,CHEB,SegRatio,0.00000,0.05000,600.00000,0.1628174365
snow_height,CHEB,RMSE,0.00000,0.05000,600.00000,0.1382647290
snow_height,CHEB,Time,0.00000,0.05000,600.00000,0.0020397920
snow_height,APCA,CmpRatio,0.00000,0.05000,600.00000,0.0857828434
snow_height,APCA,SegRatio,0.00000,0.05000,600.00000,0.0428914217
snow_height,APCA,RMSE,0.00000,0.05000,600.00000,0.0222993585
snow_height,APCA,Time,0.00000,0.05000,600.00000,0.0000336433
snow_height,PCA,CmpRatio,0.00000,0.05000,600.00000,0.3163117377
snow_height,PCA,SegRatio,0.00000,0.05000,600.00000,0.2530493901
snow_height,PCA,RMSE,0.00000,0.05000,600.00000,0.0059856572
snow_height,PCA,Time,0.00000,0.05000,600.00000,0.0000468906
snow_height,CHEB,CmpRatio,0.00000,0.05000,600.00000,0.1940611878
snow_height,CHEB,SegRatio,0.00000,0.05000,600.00000,0.1628174365
snow_height,CHEB,RMSE,0.00000,0.05000,600.00000,0.1382647290
snow_height,CHEB,Time,0.00000,0.05000,600.00000,0.0022217556
snow_height,APCA,CmpRatio,0.00000,0.05000,600.00000,0.0857828434
snow_height,APCA,SegRatio,0.00000,0.05000,600.00000,0.0428914217
snow_height,APCA,RMSE,0.00000,0.05000,600.00000,0.0222993585
snow_height,APCA,Time,0.00000,0.05000,600.00000,0.0000333933
snow_height,PCA,CmpRatio,0.00000,0.05000,600.00000,0.3163117377
snow_height,PCA,SegRatio,0.00000,0.05000,600.00000,0.2530493901
snow_height,PCA,RMSE,0.00000,0.05000,600.00000,0.0059856572
snow_height,PCA,Time,0.00000,0.05000,600.00000,0.0000470406
snow_height,CHEB,CmpRatio,0.00000,0.05000,600.00000,0.1940611878
snow_height,CHEB,SegRatio,0.00000,0.05000,600.00000,0.1628174365
snow_height,CHEB,RMSE,0.00000,0.05000,600.00000,0.1382647290
snow_height,CHEB,Time,0.00000,0.05000,600.00000,0.0020582883
snow_height,APCA,CmpRatio,0.00000,0.05000,600.00000,0.0857828434
snow_height,APCA,SegRatio,0.00000,0.05000,600.00000,0.0428914217
snow_height,APCA,RMSE,0.00000,0.05000,600.00000,0.0222993585
snow_height,APCA,Time,0.00000,0.05000,600.00000,0.0000335933
snow_height,PCA,CmpRatio,0.00000,0.05000,600.00000,0.3163117377
snow_height,PCA,SegRatio,0.00000,0.05000,600.00000,0.2530493901
snow_height,PCA,RMSE,0.00000,0.05000,600.00000,0.0059856572
snow_height,PCA,Time,0.00000,0.05000,600.00000,0.0000477904
snow_height,CHEB,CmpRatio,0.00000,0.05000,600.00000,0.1940611878
snow_height,CHEB,SegRatio,0.00000,0.05000,600.00000,0.1628174365
snow_height,CHEB,RMSE,0.00000,0.05000,600.00000,0.1382647290
snow_height,CHEB,Time,0.00000,0.05000,600.00000,0.0021138772
snow_height,APCA,CmpRatio,0.00000,0.05000,600.00000,0.0857828434
snow_height,APCA,SegRatio,0.00000,0.05000,600.00000,0.0428914217
snow_height,APCA,RMSE,0.00000,0.05000,600.00000,0.0222993585
snow_height,APCA,Time,0.00000,0.05000,600.00000,0.0000346431
snow_height,PCA,CmpRatio,0.00000,0.05000,600.00000,0.3163117377
snow_height,PCA,SegRatio,0.00000,0.05000,600.00000,0.2530493901
snow_height,PCA,RMSE,0.00000,0.05000,600.00000,0.0059856572
snow_height,PCA,Time,0.00000,0.05000,600.00000,0.0000473405
snow_height,CHEB,CmpRatio,0.00000,0.05000,600.00000,0.1940611878
snow_height,CHEB,SegRatio,0.00000,0.05000,600.00000,0.1628174365
snow_height,CHEB,RMSE,0.00000,0.05000,600.00000,0.1382647290
snow_height,CHEB,Time,0.00000,0.05000,600.00000,0.0020530394
snow_height,APCA,CmpRatio,0.00000,0.05000,600.00000,0.0857828434
snow_height,APCA,SegRatio,0.00000,0.05000,600.00000,0.0428914217
snow_height,APCA,RMSE,0.00000,0.05000,600.00000,0.0222993585
snow_height,APCA,Time,0.00000,0.05000,600.00000,0.0000348930
snow_height,PCA,CmpRatio,0.00000,0.05000,600.00000,0.3163117377
snow_height,PCA,SegRatio,0.00000,0.05000,600.00000,0.2530493901
snow_height,PCA,RMSE,0.00000,0.05000,600.00000,0.0059856572
snow_height,PCA,Time,0.00000,0.05000,600.00000,0.0000475905
snow_height,CHEB,CmpRatio,0.00000,0.05000,600.00000,0.1940611878
snow_height,CHEB,SegRatio,0.00000,0.05000,600.00000,0.1628174365
snow_height,CHEB,RMSE,0.00000,0.05000,600.00000,0.1382647290
snow_height,CHEB,Time,0.00000,0.05000,600.00000,0.0020681364
snow_height,APCA,CmpRatio,0.00000,0.05000,600.00000,0.0857828434
snow_height,APCA,SegRatio,0.00000,0.05000,600.00000,0.0428914217
snow_height,APCA,RMSE,0.00000,0.05000,600.00000,0.0222993585
snow_height,APCA,Time,0.00000,0.05000,600.00000,0.0000343931
snow_height,PCA,CmpRatio,0.00000,0.05000,600.00000,0.3163117377
snow_height,PCA,SegRatio,0.00000,0.05000,600.00000,0.2530493901
snow_height,PCA,RMSE,0.00000,0.05000,600.00000,0.0059856572
snow_height,PCA,Time,0.00000,0.05000,600.00000,0.0000499400
snow_height,CHEB,CmpRatio,0.00000,0.05000,600.00000,0.1940611878
snow_height,CHEB,SegRatio,0.00000,0.05000,600.00000,0.1628174365
snow_height,CHEB,RMSE,0.00000,0.05000,600.00000,0.1382647290
snow_height,CHEB,Time,0.00000,0.05000,600.00000,0.0020564387
snow_height,APCA,CmpRatio,0.00000,0.05000,600.00000,0.0857828434
snow_height,APCA,SegRatio,0.00000,0.05000,600.00000,0.0428914217
snow_height,APCA,RMSE,0.00000,0.05000,600.00000,0.0222993585
snow_height,APCA,Time,0.00000,0.05000,600.00000,0.0001337233
snow_height,PCA,CmpRatio,0.00000,0.05000,600.00000,0.3163117377
snow_height,PCA,SegRatio,0.00000,0.05000,600.00000,0.2530493901
snow_height,PCA,RMSE,0.00000,0.05000,600.00000,0.0059856572
snow_height,PCA,Time,0.00000,0.05000,600.00000,0.0000478404
snow_height,CHEB,CmpRatio,0.00000,0.05000,600.00000,0.1940611878
snow_height,CHEB,SegRatio,0.00000,0.05000,600.00000,0.1628174365
snow_height,CHEB,RMSE,0.00000,0.05000,600.00000,0.1382647290
snow_height,CHEB,Time,0.00000,0.05000,600.00000,0.0024879024
snow_height,APCA,CmpRatio,0.00000,0.05000,600.00000,0.0857828434
snow_height,APCA,SegRatio,0.00000,0.05000,600.00000,0.0428914217
snow_height,APCA,RMSE,0.00000,0.05000,600.00000,0.0222993585
snow_height,APCA,Time,0.00000,0.05000,600.00000,0.0000332933
snow_height,PCA,CmpRatio,0.00000,0.05000,600.00000,0.3163117377
snow_height,PCA,SegRatio,0.00000,0.05000,600.00000,0.2530493901
snow_height,PCA,RMSE,0.00000,0.05000,600.00000,0.0059856572
snow_height,PCA,Time,0.00000,0.05000,600.00000,0.0000497900
snow_height,CHEB,CmpRatio,0.00000,0.05000,600.00000,0.1940611878
snow_height,CHEB,SegRatio,0.00000,0.05000,600.00000,0.1628174365
snow_height,CHEB,RMSE,0.00000,0.05000,600.00000,0.1382647290
snow_height,CHEB,Time,0.00000,0.05000,600.00000,0.0020330434
snow_height,APCA,CmpRatio,0.00000,0.05000,600.00000,0.0857828434
snow_height,APCA,SegRatio,0.00000,0.05000,600.00000,0.0428914217
snow_height,APCA,RMSE,0.00000,0.05000,600.00000,0.0222993585
snow_height,APCA,Time,0.00000,0.05000,600.00000,0.0000358928
snow_height,PCA,CmpRatio,0.00000,0.05000,600.00000,0.3163117377
snow_height,PCA,SegRatio,0.00000,0.05000,600.00000,0.2530493901
snow_height,PCA,RMSE,0.00000,0.05000,600.00000,0.0059856572
snow_height,PCA,Time,0.00000,0.05000,600.00000,0.0000478904
snow_height,CHEB,CmpRatio,0.00000,0.05000,600.00000,0.1940611878
snow_height,CHEB,SegRatio,0.00000,0.05000,600.00000,0.1628174365
snow_height,CHEB,RMSE,0.00000,0.05000,600.00000,0.1382647290
snow_height,CHEB,Time,0.00000,0.05000,600.00000,0.0020424915
snow_height,APCA,CmpRatio,0.00000,0.05000,600.00000,0.0857828434
snow_height,APCA,SegRatio,0.00000,0.05000,600.00000,0.0428914217
snow_height,APCA,RMSE,0.00000,0.05000,600.00000,0.0222993585
snow_height,APCA,Time,0.00000,0.05000,600.00000,0.0000345431
snow_height,PCA,CmpRatio,0.00000,0.05000,600.00000,0.3163117377
snow_height,PCA,SegRatio,0.00000,0.05000,600.00000,0.2530493901
snow_height,PCA,RMSE,0.00000,0.05000,600.00000,0.0059856572
snow_height,PCA,Time,0.00000,0.05000,600.00000,0.0000468906
snow_height,CHEB,CmpRatio,0.00000,0.05000,600.00000,0.2256715324
snow_height,CHEB,SegRatio,0.00000,0.05000,600.00000,0.1944277811
snow_height,CHEB,RMSE,0.00000,0.05000,600.00000,0.0914267736
snow_height,CHEB,Time,0.00000,0.05000,600.00000,0.0021201760
snow_height,APCA,CmpRatio,0.00000,0.05000,600.00000,0.1065120309
snow_height,APCA,SegRatio,0.00000,0.05000,600.00000,0.0532560155
snow_height,APCA,RMSE,0.00000,0.05000,600.00000,0.0213662494
snow_height,APCA,Time,0.00000,0.05000,600.00000,0.0000345931
snow_height,PCA,CmpRatio,0.00000,0.05000,600.00000,0.3706758648
snow_height,PCA,SegRatio,0.00000,0.05000,600.00000,0.2965406919
snow_height,PCA,RMSE,0.00000,0.05000,600.00000,0.0053423198
snow_height,PCA,Time,0.00000,0.05000,600.00000,0.0000522562
snow_height,CHEB,CmpRatio,0.00000,0.05000,600.00000,0.0992301540
snow_height,CHEB,SegRatio,0.00000,0.05000,600.00000,0.0679864027
snow_height,CHEB,RMSE,0.00000,0.05000,600.00000,0.2684116742
snow_height,CHEB,Time,0.00000,0.05000,600.00000,0.0017730454
snow_height,APCA,CmpRatio,0.00000,0.05000,600.00000,0.0235952809
snow_height,APCA,SegRatio,0.00000,0.05000,600.00000,0.0117976405
snow_height,APCA,RMSE,0.00000,0.05000,600.00000,0.0250986857
snow_height,APCA,Time,0.00000,0.05000,600.00000,0.0000369926
snow_height,PCA,CmpRatio,0.00000,0.05000,600.00000,0.1532193561
snow_height,PCA,SegRatio,0.00000,0.05000,600.00000,0.1225754849
snow_height,PCA,RMSE,0.00000,0.05000,600.00000,0.0079156693
snow_height,PCA,Time,0.00000,0.05000,600.00000,0.0000355929
snow_height,SF,CmpRatio,0.00000,0.05000,600.00000,0.0283443311
snow_height,SF,SegRatio,0.00000,0.05000,600.00000,0.0065986803
snow_height,SF,RMSE,0.00000,0.05000,600.00000,-0.4562562261
snow_height,SF,Time,0.00000,0.05000,600.00000,0.0051145771
snow_height,PWLH,CmpRatio,0.00000,0.05000,600.00000,0.0279944011
snow_height,PWLH,SegRatio,0.00000,0.05000,600.00000,0.0069986003
snow_height,PWLH,RMSE,0.00000,0.05000,600.00000,0.0258769011
snow_height,PWLH,Time,0.00000,0.05000,600.00000,0.0448502300
snow_height,GAMPS,CmpRatio,0.00000,0.05000,600.00000,0.0747850430
snow_height,GAMPS,RMSERatio,0.00000,0.05000,600.00000,0.0100863086
snow_height,GAMPS,Time,0.00000,0.05000,600.00000,0.0002087582
snow_height,CHEB,CmpRatio,0.00000,0.05000,600.00000,0.1022295541
snow_height,CHEB,SegRatio,0.00000,0.05000,600.00000,0.0709858028
snow_height,CHEB,RMSE,0.00000,0.05000,600.00000,0.2334084427
snow_height,CHEB,Time,0.00000,0.05000,600.00000,0.0017722456
snow_height,APCA,CmpRatio,0.00000,0.05000,600.00000,0.0167966407
snow_height,APCA,SegRatio,0.00000,0.05000,600.00000,0.0083983203
snow_height,APCA,RMSE,0.00000,0.05000,600.00000,0.0229707498
snow_height,APCA,Time,0.00000,0.05000,600.00000,0.0000331934
snow_height,PCA,CmpRatio,0.00000,0.05000,600.00000,0.1457208558
snow_height,PCA,SegRatio,0.00000,0.05000,600.00000,0.1165766847
snow_height,PCA,RMSE,0.00000,0.05000,600.00000,0.0083807943
snow_height,PCA,Time,0.00000,0.05000,600.00000,0.0000363927
snow_height,SF,CmpRatio,0.00000,0.05000,600.00000,0.0197960408
snow_height,SF,SegRatio,0.00000,0.05000,600.00000,0.0049990002
snow_height,SF,RMSE,0.00000,0.05000,600.00000,-0.4106460821
snow_height,SF,Time,0.00000,0.05000,600.00000,0.0046440712
snow_height,PWLH,CmpRatio,0.00000,0.05000,600.00000,0.0215956809
snow_height,PWLH,SegRatio,0.00000,0.05000,600.00000,0.0053989202
snow_height,PWLH,RMSE,0.00000,0.05000,600.00000,0.0213519316
snow_height,PWLH,Time,0.00000,0.05000,600.00000,0.0518004399
snow_height,GAMPS,CmpRatio,0.00000,0.05000,600.00000,0.0683863227
snow_height,GAMPS,RMSERatio,0.00000,0.05000,600.00000,0.0100383996
snow_height,GAMPS,Time,0.00000,0.05000,600.00000,0.0002085583
snow_height,CHEB,CmpRatio,0.00000,0.05000,600.00000,0.1940611878
snow_height,CHEB,SegRatio,0.00000,0.05000,600.00000,0.1628174365
snow_height,CHEB,RMSE,0.00000,0.05000,600.00000,0.1437340084
snow_height,CHEB,Time,0.00000,0.05000,600.00000,0.0020256949
snow_height,APCA,CmpRatio,0.00000,0.05000,600.00000,0.0857828434
snow_height,APCA,SegRatio,0.00000,0.05000,600.00000,0.0428914217
snow_height,APCA,RMSE,0.00000,0.05000,600.00000,0.0222993585
snow_height,APCA,Time,0.00000,0.05000,600.00000,0.0000378924
snow_height,PCA,CmpRatio,0.00000,0.05000,600.00000,0.3163117377
snow_height,PCA,SegRatio,0.00000,0.05000,600.00000,0.2530493901
snow_height,PCA,RMSE,0.00000,0.05000,600.00000,0.0059856572
snow_height,PCA,Time,0.00000,0.05000,600.00000,0.0000478904
snow_height,CHEB,CmpRatio,0.00000,0.05000,600.00000,0.1940611878
snow_height,CHEB,SegRatio,0.00000,0.05000,600.00000,0.1628174365
snow_height,CHEB,RMSE,0.00000,0.05000,600.00000,nan
snow_height,CHEB,Time,0.00000,0.05000,600.00000,0.0020757848
snow_height,CHEB,CmpRatio,0.00000,0.05000,600.00000,0.1930613877
snow_height,CHEB,SegRatio,0.00000,0.05000,600.00000,0.1618176365
snow_height,CHEB,RMSE,0.00000,0.05000,600.00000,nan
snow_height,CHEB,Time,0.00000,0.05000,600.00000,0.0024176165
snow_height,CHEB,CmpRatio,0.00000,0.05000,600.00000,0.1930613877
snow_height,CHEB,SegRatio,0.00000,0.05000,600.00000,0.1618176365
snow_height,CHEB,RMSE,0.00000,0.05000,600.00000,nan
snow_height,CHEB,Time,0.00000,0.05000,600.00000,0.0022380524
snow_height,CHEB,CmpRatio,0.00000,0.05000,600.00000,0.1930613877
snow_height,CHEB,SegRatio,0.00000,0.05000,600.00000,0.1618176365
snow_height,CHEB,RMSE,0.00000,0.05000,600.00000,nan
snow_height,CHEB,Time,0.00000,0.05000,600.00000,0.0020327934
snow_height,CHEB,CmpRatio,0.00000,0.05000,600.00000,0.1930613877
snow_height,CHEB,SegRatio,0.00000,0.05000,600.00000,0.1618176365
snow_height,CHEB,RMSE,0.00000,0.05000,600.00000,0.1507526934
snow_height,CHEB,Time,0.00000,0.05000,600.00000,0.0020402420
snow_height,APCA,CmpRatio,0.00000,0.05000,600.00000,0.0857828434
snow_height,APCA,SegRatio,0.00000,0.05000,600.00000,0.0428914217
snow_height,APCA,RMSE,0.00000,0.05000,600.00000,0.0222993585
snow_height,APCA,Time,0.00000,0.05000,600.00000,0.0000348930
snow_height,PCA,CmpRatio,0.00000,0.05000,600.00000,0.3163117377
snow_height,PCA,SegRatio,0.00000,0.05000,600.00000,0.2530493901
snow_height,PCA,RMSE,0.00000,0.05000,600.00000,0.0059856572
snow_height,PCA,Time,0.00000,0.05000,600.00000,0.0000467906
snow_height,PWLH,CmpRatio,0.00000,0.05000,600.00000,0.1095780844
snow_height,PWLH,SegRatio,0.00000,0.05000,600.00000,0.0273945211
snow_height,PWLH,RMSE,0.00000,0.05000,600.00000,0.0196414994
snow_height,PWLH,Time,0.00000,0.05000,600.00000,-0.0091632174
snow_height,GAMPS,CmpRatio,0.00000,0.05000,600.00000,0.1704659068
snow_height,GAMPS,RMSERatio,0.00000,0.05000,600.00000,0.0096796787
snow_height,GAMPS,Time,0.00000,0.05000,600.00000,0.0005766347
snow_height,CHEB,CmpRatio,0.00000,0.05000,600.00000,0.1930613877
snow_height,CHEB,SegRatio,0.00000,0.05000,600.00000,0.1618176365
snow_height,CHEB,RMSE,0.00000,0.05000,600.00000,0.1507526934
snow_height,CHEB,Time,0.00000,0.05000,600.00000,0.0020366927
snow_height,APCA,CmpRatio,0.00000,0.05000,600.00000,0.0857828434
snow_height,APCA,SegRatio,0.00000,0.05000,600.00000,0.0428914217
snow_height,APCA,RMSE,0.00000,0.05000,600.00000,0.0222993585
snow_height,APCA,Time,0.00000,0.05000,600.00000,0.0000346931
snow_height,PCA,CmpRatio,0.00000,0.05000,600.00000,0.3163117377
snow_height,PCA,SegRatio,0.00000,0.05000,600.00000,0.2530493901
snow_height,PCA,RMSE,0.00000,0.05000,600.00000,0.0059856572
snow_height,PCA,Time,0.00000,0.05000,600.00000,0.0000486403
snow_height,PWLH,CmpRatio,0.00000,0.05000,600.00000,0.1095780844
snow_height,PWLH,SegRatio,0.00000,0.05000,600.00000,0.0273945211
snow_height,PWLH,RMSE,0.00000,0.05000,600.00000,0.0196414994
snow_height,PWLH,Time,0.00000,0.05000,600.00000,-0.0057239052
snow_height,GAMPS,CmpRatio,0.00000,0.05000,600.00000,0.1704659068
snow_height,GAMPS,RMSERatio,0.00000,0.05000,600.00000,0.0096796787
snow_height,GAMPS,Time,0.00000,0.05000,600.00000,0.0006121776
snow_height,PCA,CmpRatio,0.00000,0.05000,600.00000,0.3163117377
snow_height,PCA,SegRatio,0.00000,0.05000,600.00000,0.2530493901
snow_height,PCA,RMSE,0.00000,0.05000,600.00000,0.0059856572
snow_height,PCA,Time,0.00000,0.05000,600.00000,0.0000485403
snow_height,PCA,CmpRatio,0.00000,0.05000,600.00000,0.3163117377
snow_height,PCA,SegRatio,0.00000,0.05000,600.00000,0.2530493901
snow_height,PCA,RMSE,0.00000,0.05000,600.00000,0.0059856572
snow_height,PCA,Time,0.00000,0.05000,600.00000,0.0000489902
snow_height,PCA,CmpRatio,0.00000,0.05000,600.00000,0.3163117377
snow_height,PCA,SegRatio,0.00000,0.05000,600.00000,0.2530493901
snow_height,PCA,RMSE,0.00000,0.05000,600.00000,0.0059856572
snow_height,PCA,Time,0.00000,0.05000,600.00000,0.0000485403
snow_height,PCA,CmpRatio,0.00000,0.05000,600.00000,0.3163117377
snow_height,PCA,SegRatio,0.00000,0.05000,600.00000,0.2530493901
snow_height,PCA,RMSE,0.00000,0.05000,600.00000,0.0059856572
snow_height,PCA,Time,0.00000,0.05000,600.00000,0.0000497401
snow_height,PCA,CmpRatio,0.00000,0.05000,600.00000,0.3163117377
snow_height,PCA,SegRatio,0.00000,0.05000,600.00000,0.2530493901
snow_height,PCA,RMSE,0.00000,0.05000,600.00000,0.0059856572
snow_height,PCA,Time,0.00000,0.05000,600.00000,0.0000513397
snow_height,PCA,CmpRatio,0.00000,0.05000,600.00000,0.3163117377
snow_height,PCA,SegRatio,0.00000,0.05000,600.00000,0.2530493901
snow_height,PCA,RMSE,0.00000,0.05000,600.00000,0.0059856572
snow_height,PCA,Time,0.00000,0.05000,600.00000,0.0000497401
snow_height,PCA,CmpRatio,0.00000,0.05000,600.00000,0.3163117377
snow_height,PCA,SegRatio,0.00000,0.05000,600.00000,0.2530493901
snow_height,PCA,RMSE,0.00000,0.05000,600.00000,0.0059856572
snow_height,PCA,Time,0.00000,0.05000,600.00000,0.0000496401
snow_height,PCA,CmpRatio,0.00000,0.05000,600.00000,0.3163117377
snow_height,PCA,SegRatio,0.00000,0.05000,600.00000,0.2530493901
snow_height,PCA,RMSE,0.00000,0.05000,600.00000,0.0059856572
snow_height,PCA,Time,0.00000,0.05000,600.00000,0.0000494901
snow_height,APCA,CmpRatio,0.00000,0.05000,600.00000,0.0857828434
snow_height,APCA,SegRatio,0.00000,0.05000,600.00000,0.0428914217
snow_height,APCA,RMSE,0.00000,0.05000,600.00000,0.0222993585
snow_height,APCA,Time,0.00000,0.05000,600.00000,0.0000337433
snow_height,PWLH,CmpRatio,0.00000,0.05000,600.00000,0.1095780844
snow_height,PWLH,SegRatio,0.00000,0.05000,600.00000,0.0273945211
snow_height,PWLH,RMSE,0.00000,0.05000,600.00000,0.0196414994
snow_height,PWLH,Time,0.00000,0.05000,600.00000,0.0408244351
snow_height,GAMPS,CmpRatio,0.00000,0.05000,600.00000,0.1704659068
snow_height,GAMPS,RMSERatio,0.00000,0.05000,600.00000,0.0096796787
snow_height,GAMPS,Time,0.00000,0.05000,600.00000,0.0006450710
snow_height,SF,CmpRatio,0.00000,0.05000,600.00000,0.2802939412
snow_height,SF,SegRatio,0.00000,0.05000,600.00000,0.0833833233
snow_height,SF,RMSE,0.00000,0.05000,600.00000,-0.6065224827
snow_height,SF,Time,0.00000,0.05000,600.00000,0.0012651470
snow_height,SF,CmpRatio,0.00000,0.05000,600.00000,0.0305938812
snow_height,SF,SegRatio,0.00000,0.05000,600.00000,0.0081983603
snow_height,SF,RMSE,0.00000,0.05000,600.00000,-0.1109970324
snow_height,SF,Time,0.00000,0.05000,600.00000,0.0381327734
snow_height,APCA,CmpRatio,0.00000,0.05000,600.00000,0.2847430514
snow_height,APCA,SegRatio,0.00000,0.05000,600.00000,0.1423715257
snow_height,APCA,RMSE,0.00000,0.05000,600.00000,0.0356539568
snow_height,APCA,Time,0.00000,0.05000,600.00000,0.0000397920
snow_height,SF,CmpRatio,0.00000,0.05000,600.00000,0.2802939412
snow_height,SF,SegRatio,0.00000,0.05000,600.00000,0.0833833233
snow_height,SF,RMSE,0.00000,0.05000,600.00000,-0.6065224827
snow_height,SF,Time,0.00000,0.05000,600.00000,0.0012493501
snow_height,APCA,CmpRatio,0.00000,0.05000,600.00000,0.1513697261
snow_height,APCA,SegRatio,0.00000,0.05000,600.00000,0.0756848630
snow_height,APCA,RMSE,0.00000,0.05000,600.00000,0.0205639992
snow_height,APCA,Time,0.00000,0.05000,600.00000,0.0000351930
snow_height,APCA,CmpRatio,0.00000,0.05000,600.00000,0.1513697261
snow_height,APCA,SegRatio,0.00000,0.05000,600.00000,0.0756848630
snow_height,APCA,RMSE,0.00000,0.05000,600.00000,0.0205639992
snow_height,APCA,Time,0.00000,0.05000,600.00000,0.0000370926
snow_height,APCA,CmpRatio,0.00000,0.05000,600.00000,0.1513697261
snow_height,APCA,SegRatio,0.00000,0.05000,600.00000,0.0756848630
snow_height,APCA,RMSE,0.00000,0.05000,600.00000,0.0205639992
snow_height,APCA,Time,0.00000,0.05000,600.00000,0.0000478904
snow_height,APCA,CmpRatio,0.00000,0.05000,600.00000,0.1513697261
snow_height,APCA,SegRatio,0.00000,0.05000,600.00000,0.0756848630
snow_height,APCA,RMSE,0.00000,0.05000,600.00000,0.0205639992
snow_height,APCA,Time,0.00000,0.05000,600.00000,0.0000369926
snow_height,APCA,CmpRatio,0.00000,0.05000,600.00000,0.1513697261
snow_height,APCA,SegRatio,0.00000,0.05000,600.00000,0.0756848630
snow_height,APCA,RMSE,0.00000,0.05000,600.00000,0.0205639992
snow_height,APCA,Time,0.00000,0.05000,600.00000,0.0000605879
snow_height,APCA,CmpRatio,0.00000,0.05000,600.00000,0.1513697261
snow_height,APCA,SegRatio,0.00000,0.05000,600.00000,0.0756848630
snow_height,APCA,RMSE,0.00000,0.05000,600.00000,0.0205639992
snow_height,APCA,Time,0.00000,0.05000,600.00000,0.0000371926
snow_height,SF,CmpRatio,0.00000,0.05000,600.00000,0.1554439112
snow_height,SF,SegRatio,0.00000,0.05000,600.00000,0.0457908418
snow_height,SF,RMSE,0.00000,0.05000,600.00000,0.0179379879
snow_height,SF,Time,0.00000,0.05000,600.00000,0.0175735853
snow_height,SF,CmpRatio,0.00000,0.05000,600.00000,0.0897570486
snow_height,SF,SegRatio,0.00000,0.05000,600.00000,0.0257948410
snow_height,SF,RMSE,0.00000,0.05000,600.00000,0.0198052728
snow_height,SF,Time,0.00000,0.05000,600.00000,0.0113327335
snow_height,SF,CmpRatio,0.00000,0.05000,600.00000,0.0897570486
snow_height,SF,SegRatio,0.00000,0.05000,600.00000,0.0257948410
snow_height,SF,RMSE,0.00000,0.05000,600.00000,0.0198052728
snow_height,SF,Time,0.00000,0.05000,600.00000,0.0111931114
snow_height,CHEB,CmpRatio,0.00000,0.05000,600.00000,0.1930613877
snow_height,CHEB,SegRatio,0.00000,0.05000,600.00000,0.1618176365
snow_height,CHEB,RMSE,0.00000,0.05000,600.00000,0.1507526934
snow_height,CHEB,Time,0.00000,0.05000,600.00000,0.0021112278
snow_height,APCA,CmpRatio,0.00000,0.05000,600.00000,0.0857828434
snow_height,APCA,SegRatio,0.00000,0.05000,600.00000,0.0428914217
snow_height,APCA,RMSE,0.00000,0.05000,600.00000,0.0222993585
snow_height,APCA,Time,0.00000,0.05000,600.00000,0.0000348930
snow_height,PCA,CmpRatio,0.00000,0.05000,600.00000,0.3163117377
snow_height,PCA,SegRatio,0.00000,0.05000,600.00000,0.2530493901
snow_height,PCA,RMSE,0.00000,0.05000,600.00000,0.0059856572
snow_height,PCA,Time,0.00000,0.05000,600.00000,0.0000503399
snow_height,SF,CmpRatio,0.00000,0.05000,600.00000,0.0897570486
snow_height,SF,SegRatio,0.00000,0.05000,600.00000,0.0257948410
snow_height,SF,RMSE,0.00000,0.05000,600.00000,0.0198052728
snow_height,SF,Time,0.00000,0.05000,600.00000,0.0111437712
snow_height,PWLH,CmpRatio,0.00000,0.05000,600.00000,0.1095780844
snow_height,PWLH,SegRatio,0.00000,0.05000,600.00000,0.0273945211
snow_height,PWLH,RMSE,0.00000,0.05000,600.00000,0.0196414994
snow_height,PWLH,Time,0.00000,0.05000,600.00000,-0.0085279444
snow_height,GAMPS,CmpRatio,0.00000,0.05000,600.00000,0.1704659068
snow_height,GAMPS,RMSERatio,0.00000,0.05000,600.00000,0.0096796787
snow_height,GAMPS,Time,0.00000,0.05000,600.00000,0.0006272246
snow_height,CHEB,CmpRatio,0.00000,0.05000,600.00000,0.1930613877
snow_height,CHEB,SegRatio,0.00000,0.05000,600.00000,0.1618176365
snow_height,CHEB,RMSE,0.00000,0.05000,600.00000,0.1507526934
snow_height,CHEB,Time,0.00000,0.05000,600.00000,0.0020386923
snow_height,APCA,CmpRatio,0.00000,0.05000,600.00000,0.0857828434
snow_height,APCA,SegRatio,0.00000,0.05000,600.00000,0.0428914217
snow_height,APCA,RMSE,0.00000,0.05000,600.00000,0.0222993585
snow_height,APCA,Time,0.00000,0.05000,600.00000,0.0000338432
snow_height,PCA,CmpRatio,0.00000,0.05000,600.00000,0.3163117377
snow_height,PCA,SegRatio,0.00000,0.05000,600.00000,0.2530493901
snow_height,PCA,RMSE,0.00000,0.05000,600.00000,0.0059856572
snow_height,PCA,Time,0.00000,0.05000,600.00000,0.0000468906
snow_height,SF,CmpRatio,0.00000,0.05000,600.00000,0.0897570486
snow_height,SF,SegRatio,0.00000,0.05000,600.00000,0.0257948410
snow_height,SF,RMSE,0.00000,0.05000,600.00000,0.0198052728
snow_height,SF,Time,0.00000,0.05000,600.00000,-0.0388614277
snow_height,PWLH,CmpRatio,0.00000,0.05000,600.00000,0.1095780844
snow_height,PWLH,SegRatio,0.00000,0.05000,600.00000,0.0273945211
snow_height,PWLH,RMSE,0.00000,0.05000,600.00000,0.0196414994
snow_height,PWLH,Time,0.00000,0.05000,600.00000,-0.0093206859
snow_height,GAMPS,CmpRatio,0.00000,0.05000,600.00000,0.1704659068
snow_height,GAMPS,RMSERatio,0.00000,0.05000,600.00000,0.0096796787
snow_height,GAMPS,Time,0.00000,0.05000,600.00000,0.0005816337
snow_height,CHEB,CmpRatio,0.00000,0.05000,600.00000,0.1930613877
snow_height,CHEB,SegRatio,0.00000,0.05000,600.00000,0.1618176365
snow_height,CHEB,RMSE,0.00000,0.05000,600.00000,0.1507526934
snow_height,CHEB,Time,0.00000,0.05000,600.00000,0.0020368926
snow_height,APCA,CmpRatio,0.00000,0.05000,600.00000,0.0857828434
snow_height,APCA,SegRatio,0.00000,0.05000,600.00000,0.0428914217
snow_height,APCA,RMSE,0.00000,0.05000,600.00000,0.0222993585
snow_height,APCA,Time,0.00000,0.05000,600.00000,0.0000334433
snow_height,PCA,CmpRatio,0.00000,0.05000,600.00000,0.3163117377
snow_height,PCA,SegRatio,0.00000,0.05000,600.00000,0.2530493901
snow_height,PCA,RMSE,0.00000,0.05000,600.00000,0.0059856572
snow_height,PCA,Time,0.00000,0.05000,600.00000,0.0000468406
snow_height,SF,CmpRatio,0.00000,0.05000,600.00000,0.0897570486
snow_height,SF,SegRatio,0.00000,0.05000,600.00000,0.0257948410
snow_height,SF,RMSE,0.00000,0.05000,600.00000,0.0198052728
snow_height,SF,Time,0.00000,0.05000,600.00000,0.0111280744
snow_height,PWLH,CmpRatio,0.00000,0.05000,600.00000,0.1095780844
snow_height,PWLH,SegRatio,0.00000,0.05000,600.00000,0.0273945211
snow_height,PWLH,RMSE,0.00000,0.05000,600.00000,0.0196414994
snow_height,PWLH,Time,0.00000,0.05000,600.00000,-0.0095734853
snow_height,GAMPS,CmpRatio,0.00000,0.05000,600.00000,0.1704659068
snow_height,GAMPS,RMSERatio,0.00000,0.05000,600.00000,0.0096796787
snow_height,GAMPS,Time,0.00000,0.05000,600.00000,0.0005935813
snow_height,CHEB,CmpRatio,0.00000,0.05000,600.00000,0.4363627275
snow_height,CHEB,SegRatio,0.00000,0.05000,600.00000,0.4051189762
snow_height,CHEB,RMSE,0.00000,0.05000,600.00000,0.0259800015
snow_height,CHEB,Time,0.00000,0.05000,600.00000,0.0033197361
snow_height,APCA,CmpRatio,0.00000,0.05000,600.00000,0.2847430514
snow_height,APCA,SegRatio,0.00000,0.05000,600.00000,0.1423715257
snow_height,APCA,RMSE,0.00000,0.05000,600.00000,0.0356539568
snow_height,APCA,Time,0.00000,0.05000,600.00000,0.0000399920
snow_height,PCA,CmpRatio,0.00000,0.05000,600.00000,0.8355828834
snow_height,PCA,SegRatio,0.00000,0.05000,600.00000,0.6684663067
snow_height,PCA,RMSE,0.00000,0.05000,600.00000,0.0067298064
snow_height,PCA,Time,0.00000,0.05000,600.00000,0.0000841832
snow_height,SF,CmpRatio,0.00000,0.05000,600.00000,0.2802939412
snow_height,SF,SegRatio,0.00000,0.05000,600.00000,0.0833833233
snow_height,SF,RMSE,0.00000,0.05000,600.00000,0.0303261241
snow_height,SF,Time,0.00000,0.05000,600.00000,0.0011923615
snow_height,PWLH,CmpRatio,0.00000,0.05000,600.00000,0.3559288142
snow_height,PWLH,SegRatio,0.00000,0.05000,600.00000,0.0889822036
snow_height,PWLH,RMSE,0.00000,0.05000,600.00000,0.0273598952
snow_height,PWLH,Time,0.00000,0.05000,600.00000,0.0025178964
snow_height,GAMPS,CmpRatio,0.00000,0.05000,600.00000,0.5206958608
snow_height,GAMPS,RMSERatio,0.00000,0.05000,600.00000,0.0131199652
snow_height,GAMPS,Time,0.00000,0.05000,600.00000,0.0002511498
snow_height,CHEB,CmpRatio,0.00000,0.05000,600.00000,0.6535011180
snow_height,CHEB,SegRatio,0.00000,0.05000,600.00000,0.6222573667
snow_height,CHEB,RMSE,0.00000,0.05000,600.00000,0.0650093169
snow_height,CHEB,Time,0.00000,0.05000,600.00000,0.0033927942
snow_height,APCA,CmpRatio,0.00000,0.05000,600.00000,0.4740142881
snow_height,APCA,SegRatio,0.00000,0.05000,600.00000,0.2370071440
snow_height,APCA,RMSE,0.00000,0.05000,600.00000,0.0273988132
snow_height,APCA,Time,0.00000,0.05000,600.00000,0.0000516079
snow_height,PCA,CmpRatio,0.00000,0.05000,600.00000,1.0502444966
snow_height,PCA,SegRatio,0.00000,0.05000,600.00000,0.8401955972
snow_height,PCA,RMSE,0.00000,0.05000,600.00000,0.0060321739
snow_height,PCA,Time,0.00000,0.05000,600.00000,0.0000796750
snow_height,SF,CmpRatio,0.00000,0.05000,600.00000,0.6052107760
snow_height,SF,SegRatio,0.00000,0.05000,600.00000,0.1528603370
snow_height,SF,RMSE,0.00000,0.05000,600.00000,0.0288777621
snow_height,SF,Time,0.00000,0.05000,600.00000,0.0009382487
snow_height,PWLH,CmpRatio,0.00000,0.05000,600.00000,0.6607042228
snow_height,PWLH,SegRatio,0.00000,0.05000,600.00000,0.1651760557
snow_height,PWLH,RMSE,0.00000,0.05000,600.00000,0.0270818797
snow_height,PWLH,Time,0.00000,0.05000,600.00000,-0.0081550417
snow_height,GAMPS,CmpRatio,0.00000,0.05000,600.00000,0.9485375652
snow_height,GAMPS,RMSERatio,0.00000,0.05000,600.00000,0.0100041518
snow_height,GAMPS,Time,0.00000,0.05000,600.00000,0.0015111160
snow_height,CHEB,CmpRatio,0.00000,0.05000,600.00000,0.1930613877
snow_height,CHEB,SegRatio,0.00000,0.05000,600.00000,0.1618176365
snow_height,CHEB,RMSE,0.00000,0.05000,600.00000,0.1507526934
snow_height,CHEB,Time,0.00000,0.05000,600.00000,0.0020645871
snow_height,APCA,CmpRatio,0.00000,0.05000,600.00000,0.0857828434
snow_height,APCA,SegRatio,0.00000,0.05000,600.00000,0.0428914217
snow_height,APCA,RMSE,0.00000,0.05000,600.00000,0.0222993585
snow_height,APCA,Time,0.00000,0.05000,600.00000,0.0000352929
snow_height,PCA,CmpRatio,0.00000,0.05000,600.00000,0.3163117377
snow_height,PCA,SegRatio,0.00000,0.05000,600.00000,0.2530493901
snow_height,PCA,RMSE,0.00000,0.05000,600.00000,0.0059856572
snow_height,PCA,Time,0.00000,0.05000,600.00000,0.0000505399
snow_height,SF,CmpRatio,0.00000,0.05000,600.00000,0.0897570486
snow_height,SF,SegRatio,0.00000,0.05000,600.00000,0.0257948410
snow_height,SF,RMSE,0.00000,0.05000,600.00000,0.0198052728
snow_height,SF,Time,0.00000,0.05000,600.00000,0.0112275545
snow_height,PWLH,CmpRatio,0.00000,0.05000,600.00000,0.1095780844
snow_height,PWLH,SegRatio,0.00000,0.05000,600.00000,0.0273945211
snow_height,PWLH,RMSE,0.00000,0.05000,600.00000,0.0196414994
snow_height,PWLH,Time,0.00000,0.05000,600.00000,-0.0090342931
snow_height,GAMPS,CmpRatio,0.00000,0.05000,600.00000,0.1704659068
snow_height,GAMPS,RMSERatio,0.00000,0.05000,600.00000,0.0096796787
snow_height,GAMPS,Time,0.00000,0.05000,600.00000,0.0005791342
snow_height,CHEB,CmpRatio,0.00000,0.05000,600.00000,0.3993701260
snow_height,CHEB,SegRatio,0.00000,0.05000,600.00000,0.3681263747
snow_height,CHEB,RMSE,0.00000,0.05000,600.00000,0.0847775853
snow_height,CHEB,Time,0.00000,0.05000,600.00000,0.0026512697
snow_height,APCA,CmpRatio,0.00000,0.05000,600.00000,0.2447510498
snow_height,APCA,SegRatio,0.00000,0.05000,600.00000,0.1223755249
snow_height,APCA,RMSE,0.00000,0.05000,600.00000,0.0323887704
snow_height,APCA,Time,0.00000,0.05000,600.00000,0.0000399920
snow_height,PCA,CmpRatio,0.00000,0.05000,600.00000,0.5338932214
snow_height,PCA,SegRatio,0.00000,0.05000,600.00000,0.4271145771
snow_height,PCA,RMSE,0.00000,0.05000,600.00000,0.0053341710
snow_height,PCA,Time,0.00000,0.05000,600.00000,0.0000531894
snow_height,SF,CmpRatio,0.00000,0.05000,600.00000,0.3176364727
snow_height,SF,SegRatio,0.00000,0.05000,600.00000,0.0783843231
snow_height,SF,RMSE,0.00000,0.05000,600.00000,0.0305188430
snow_height,SF,Time,0.00000,0.05000,600.00000,0.0044633073
snow_height,PWLH,CmpRatio,0.00000,0.05000,600.00000,0.3367326535
snow_height,PWLH,SegRatio,0.00000,0.05000,600.00000,0.0841831634
snow_height,PWLH,RMSE,0.00000,0.05000,600.00000,0.0285618458
snow_height,PWLH,Time,0.00000,0.05000,600.00000,-0.1284839032
snow_height,CHEB,CmpRatio,0.00000,0.05000,600.00000,0.3993701260
snow_height,CHEB,SegRatio,0.00000,0.05000,600.00000,0.3681263747
snow_height,CHEB,RMSE,0.00000,0.05000,600.00000,0.0847775853
snow_height,CHEB,Time,0.00000,0.05000,600.00000,0.0028440312
snow_height,APCA,CmpRatio,0.00000,0.05000,600.00000,0.2447510498
snow_height,APCA,SegRatio,0.00000,0.05000,600.00000,0.1223755249
snow_height,APCA,RMSE,0.00000,0.05000,600.00000,0.0323887704
snow_height,APCA,Time,0.00000,0.05000,600.00000,0.0000433913
snow_height,PCA,CmpRatio,0.00000,0.05000,600.00000,0.5338932214
snow_height,PCA,SegRatio,0.00000,0.05000,600.00000,0.4271145771
snow_height,PCA,RMSE,0.00000,0.05000,600.00000,0.0053341710
snow_height,PCA,Time,0.00000,0.05000,600.00000,0.0000597880
snow_height,SF,CmpRatio,0.00000,0.05000,600.00000,0.3176364727
snow_height,SF,SegRatio,0.00000,0.05000,600.00000,0.0783843231
snow_height,SF,RMSE,0.00000,0.05000,600.00000,0.0305188430
snow_height,SF,Time,0.00000,0.05000,600.00000,0.0047200560
snow_height,PWLH,CmpRatio,0.00000,0.05000,600.00000,0.3367326535
snow_height,PWLH,SegRatio,0.00000,0.05000,600.00000,0.0841831634
snow_height,PWLH,RMSE,0.00000,0.05000,600.00000,0.0285618458
snow_height,PWLH,Time,0.00000,0.05000,600.00000,0.0758928214
snow_height,CHEB,CmpRatio,0.00000,0.05000,600.00000,0.3993701260
snow_height,CHEB,SegRatio,0.00000,0.05000,600.00000,0.3681263747
snow_height,CHEB,RMSE,0.00000,0.05000,600.00000,0.0847775853
snow_height,CHEB,Time,0.00000,0.05000,600.00000,0.0026474705
snow_height,APCA,CmpRatio,0.00000,0.05000,600.00000,0.2447510498
snow_height,APCA,SegRatio,0.00000,0.05000,600.00000,0.1223755249
snow_height,APCA,RMSE,0.00000,0.05000,600.00000,0.0323887704
snow_height,APCA,Time,0.00000,0.05000,600.00000,0.0000403919
snow_height,PCA,CmpRatio,0.00000,0.05000,600.00000,0.5338932214
snow_height,PCA,SegRatio,0.00000,0.05000,600.00000,0.4271145771
snow_height,PCA,RMSE,0.00000,0.05000,600.00000,0.0053341710
snow_height,PCA,Time,0.00000,0.05000,600.00000,0.0000539892
snow_height,SF,CmpRatio,0.00000,0.05000,600.00000,0.3176364727
snow_height,SF,SegRatio,0.00000,0.05000,600.00000,0.0783843231
snow_height,SF,RMSE,0.00000,0.05000,600.00000,0.0305188430
snow_height,SF,Time,0.00000,0.05000,600.00000,0.0045110978
snow_height,PWLH,CmpRatio,0.00000,0.05000,600.00000,0.3367326535
snow_height,PWLH,SegRatio,0.00000,0.05000,600.00000,0.0841831634
snow_height,PWLH,RMSE,0.00000,0.05000,600.00000,0.0285618458
snow_height,PWLH,Time,0.00000,0.05000,600.00000,0.0722449510
snow_height,CHEB,CmpRatio,0.00000,0.05000,600.00000,0.3993701260
snow_height,CHEB,SegRatio,0.00000,0.05000,600.00000,0.3681263747
snow_height,CHEB,RMSE,0.00000,0.05000,600.00000,0.0839605622
snow_height,CHEB,Time,0.00000,0.05000,600.00000,0.0026452709
snow_height,APCA,CmpRatio,0.00000,0.05000,600.00000,0.2447510498
snow_height,APCA,SegRatio,0.00000,0.05000,600.00000,0.1223755249
snow_height,APCA,RMSE,0.00000,0.05000,600.00000,0.0323887704
snow_height,APCA,Time,0.00000,0.05000,600.00000,0.0000397920
snow_height,PCA,CmpRatio,0.00000,0.05000,600.00000,0.5338932214
snow_height,PCA,SegRatio,0.00000,0.05000,600.00000,0.4271145771
snow_height,PCA,RMSE,0.00000,0.05000,600.00000,0.0053341710
snow_height,PCA,Time,0.00000,0.05000,600.00000,0.0000571886
snow_height,SF,CmpRatio,0.00000,0.05000,600.00000,0.3176364727
snow_height,SF,SegRatio,0.00000,0.05000,600.00000,0.0783843231
snow_height,SF,RMSE,0.00000,0.05000,600.00000,0.0305188430
snow_height,SF,Time,0.00000,0.05000,600.00000,0.0045900820
snow_height,PWLH,CmpRatio,0.00000,0.05000,600.00000,0.3367326535
snow_height,PWLH,SegRatio,0.00000,0.05000,600.00000,0.0841831634
snow_height,PWLH,RMSE,0.00000,0.05000,600.00000,0.0285618458
snow_height,PWLH,Time,0.00000,0.05000,600.00000,0.0795734853
